Id de pago,fecha,CVU/CBU, Valor 
10000,11/4/2025,"2,12987377940022E+021", $112.950 
10001,2/4/2025,"4,91949585194861E+021", $125.434 
10002,15/4/2025,"4,56177967319269E+021", $185.157 
10003,15/4/2025,"3,26674755082139E+021", $84.326 
10004,11/4/2025,"6,09749067914881E+021", $142.748 
10005,11/4/2025,"3,35499146735024E+021", $184.281 
10006,3/4/2025,"6,87187763090734E+021", $97.307 
10007,2/4/2025,"9,79876734921853E+021", $120.926 
10008,12/4/2025,"5,11730577361883E+021", $76.239 
10009,13/4/2025,"6,09749067914881E+021", $105.576 
10010,2/4/2025,"7,95340126895279E+021", $139.730 
10011,7/4/2025,"5,12065800039753E+021", $115.897 
10012,5/4/2025,"4,60918647564968E+021", $162.901 
10013,15/4/2025,"9,30191466363557E+021", $95.757 
10014,11/4/2025,"7,13851286856679E+021", $188.225 
10015,8/4/2025,"8,44567146779075E+021", $62.847 
10016,4/4/2025,"6,87187763090734E+021", $199.060 
10017,9/4/2025,"4,00664685839506E+021", $122.979 
10018,14/4/2025,"5,93018171525034E+021", $174.975 
10019,13/4/2025,"4,98543497445762E+021", $171.635 
10020,8/4/2025,"2,47671667352586E+021", $108.919 
10021,13/4/2025,"5,97385558569753E+021", $108.315 
10022,4/4/2025,"9,87305236360946E+021", $166.476 
10023,6/4/2025,"4,75697510121082E+021", $139.624 
10024,15/4/2025,"5,46834718949211E+021", $175.760 
10025,15/4/2025,"5,46834718949211E+021", $164.264 
10026,2/4/2025,"9,0648213060558E+021", $91.916 
10027,2/4/2025,"8,67274714699571E+021", $124.206 
10028,6/4/2025,"8,67136384736454E+021", $181.768 
10029,8/4/2025,"8,44567146779075E+021", $141.736 
10030,11/4/2025,"3,25384047075577E+021", $161.232 
10031,11/4/2025,"4,91949585194861E+021", $151.477 
10032,14/4/2025,"5,11730577361883E+021", $166.315 
10033,12/4/2025,"7,8634710348395E+021", $107.948 
10034,2/4/2025,"4,20362316812111E+021", $59.196 
10035,11/4/2025,"2,69899930284363E+021", $98.079 
10036,13/4/2025,"4,05868883433879E+021", $76.236 
10037,5/4/2025,"4,64913209162012E+021", $62.874 
10038,14/4/2025,"4,05868883433879E+021", $185.657 
10039,13/4/2025,"6,75837616718414E+021", $166.997 
10040,3/4/2025,"8,94438349184978E+021", $81.634 
10041,15/4/2025,"9,09001191008905E+021", $55.564 
10042,13/4/2025,"8,55289759062762E+021", $123.722 
10043,11/4/2025,"2,28113586439136E+021", $187.309 
10044,10/4/2025,"9,79876734921853E+021", $197.279 
10045,11/4/2025,"4,98543497445762E+021", $95.601 
10046,12/4/2025,"7,1524869512191E+021", $167.568 
10047,5/4/2025,"8,55573700996873E+021", $191.689 
10048,10/4/2025,"5,10397669051892E+021", $53.613 
10049,6/4/2025,"3,56916718704462E+021", $59.739 
10050,5/4/2025,"8,55289759062762E+021", $83.374 
10051,10/4/2025,"8,40165596196131E+021", $124.280 
10052,5/4/2025,"3,25384047075577E+021", $137.671 
10053,3/4/2025,"4,20733994205377E+021", $170.898 
10054,2/4/2025,"2,47671667352586E+021", $136.676 
10055,4/4/2025,"9,09001191008905E+021", $178.213 
10056,3/4/2025,"8,67274714699571E+021", $58.561 
10057,2/4/2025,"3,56916718704462E+021", $108.594 
10058,4/4/2025,"8,55573700996873E+021", $81.616 
10059,4/4/2025,"1,1355322761208E+021", $144.215 
10060,2/4/2025,"8,67136384736454E+021", $175.137 
10061,2/4/2025,"7,1681924925963E+021", $57.203 
10062,6/4/2025,"8,1490439253524E+021", $165.754 
10063,5/4/2025,"2,12987377940022E+021", $78.449 
10064,7/4/2025,"8,67136384736454E+021", $194.267 
10065,2/4/2025,"4,00664685839506E+021", $107.493 
10066,7/4/2025,"9,78677594341351E+021", $138.442 
10067,10/4/2025,"5,51302690312913E+021", $64.400 
10068,10/4/2025,"4,60918647564968E+021", $142.753 
10069,1/4/2025,"4,98543497445762E+021", $67.201 
10070,12/4/2025,"1,11219206553049E+021", $177.792 
10071,14/4/2025,"4,73858878975225E+021", $159.595 
10072,8/4/2025,"8,94438349184978E+021", $113.993 
10073,6/4/2025,"5,73854218385004E+021", $54.730 
10074,10/4/2025,"9,39121971652186E+021", $65.446 
10075,1/4/2025,"9,09858637006107E+021", $182.848 
10076,10/4/2025,"3,56916718704462E+021", $88.082 
10077,11/4/2025,"9,79876734921853E+021", $178.028 
10078,2/4/2025,"4,27919731418025E+021", $149.011 
10079,4/4/2025,"2,31440789738504E+021", $122.044 
10080,14/4/2025,"5,46569292271163E+021", $130.988 
10081,14/4/2025,"1,59990622958479E+021", $182.489 
10082,15/4/2025,"8,57114113227022E+021", $112.307 
10083,15/4/2025,"4,14122909976154E+021", $77.872 
10084,12/4/2025,"2,64547448782441E+021", $151.422 
10085,1/4/2025,"7,38518376253228E+021", $174.904 
10086,8/4/2025,"7,8634710348395E+021", $123.038 
10087,1/4/2025,"6,09749067914881E+021", $193.636 
10088,14/4/2025,"3,15481775044559E+021", $87.472 
10089,3/4/2025,"2,31440789738504E+021", $157.160 
10090,7/4/2025,"4,02283293303175E+021", $144.005 
10091,2/4/2025,"4,14122909976154E+021", $124.015 
10092,12/4/2025,"8,46915389675461E+021", $156.905 
10093,6/4/2025,"8,67274714699571E+021", $86.298 
10094,12/4/2025,"4,64913209162012E+021", $117.108 
10095,2/4/2025,"8,46684109979428E+021", $132.667 
10096,10/4/2025,"3,39232670779426E+021", $159.011 
10097,10/4/2025,"8,1490439253524E+021", $60.129 
10098,1/4/2025,"7,95340126895279E+021", $144.491 
10099,7/4/2025,"6,52231745947975E+021", $53.029 
10100,10/4/2025,"3,26674755082139E+021", $73.339 
10101,15/4/2025,"9,53147127486279E+021", $75.565 
10102,3/4/2025,"8,91381146507647E+021", $191.481 
10103,10/4/2025,"5,78250195351374E+021", $142.805 
10104,9/4/2025,"5,8462370211439E+021", $135.205 
10105,11/4/2025,"9,0648213060558E+021", $131.124 
10106,3/4/2025,"7,89968617385495E+021", $52.804 
10107,14/4/2025,"2,772929965369E+021", $113.558 
10108,15/4/2025,"4,73858878975225E+021", $89.952 
10109,1/4/2025,"7,46343383127005E+021", $114.714 
10110,13/4/2025,"6,06251086472468E+021", $63.979 
10111,6/4/2025,"4,14122909976154E+021", $84.192 
10112,7/4/2025,"4,62510419930521E+021", $90.006 
10113,15/4/2025,"4,92178331003316E+021", $121.681 
10114,11/4/2025,"8,57114113227022E+021", $91.794 
10115,11/4/2025,"4,64913209162012E+021", $174.366 
10116,8/4/2025,"8,95675508460746E+021", $51.957 
10117,4/4/2025,"4,27919731418025E+021", $185.722 
10118,11/4/2025,"7,38518376253228E+021", $68.638 
10119,13/4/2025,"1,6866887682855E+021", $171.749 
10120,8/4/2025,"8,55289759062762E+021", $128.283 
10121,2/4/2025,"2,64547448782441E+021", $104.153 
10122,11/4/2025,"7,99790797812624E+021", $163.735 
10123,3/4/2025,"2,548682223996E+021", $88.595 
10124,3/4/2025,"6,79301841411764E+021", $109.446 
10125,3/4/2025,"2,56709908409072E+021", $91.004 
10126,2/4/2025,"2,00350930064609E+021", $154.977 
10127,3/4/2025,"2,898753242884E+021", $74.005 
10128,15/4/2025,"3,54240447745631E+021", $72.262 
10129,13/4/2025,"6,79301841411764E+021", $187.970 
10130,14/4/2025,"6,52231745947975E+021", $171.716 
10131,7/4/2025,"9,95986973119611E+021", $89.644 
10132,2/4/2025,"3,26674755082139E+021", $81.564 
10133,15/4/2025,"2,64547448782441E+021", $173.907 
10134,15/4/2025,"3,13959851849161E+021", $131.409 
10135,10/4/2025,"1,6866887682855E+021", $180.229 
10136,14/4/2025,"1,52939908547441E+021", $101.120 
10137,1/4/2025,"4,20362316812111E+021", $178.474 
10138,5/4/2025,"8,91381146507647E+021", $122.916 
10139,2/4/2025,"7,1524869512191E+021", $190.857 
10140,10/4/2025,"4,64913209162012E+021", $72.312 
10141,10/4/2025,"1,52939908547441E+021", $116.006 
10142,3/4/2025,"2,69899930284363E+021", $66.267 
10143,6/4/2025,"3,9035750012258E+021", $62.321 
10144,12/4/2025,"8,40165596196131E+021", $138.938 
10145,14/4/2025,"8,57114113227022E+021", $83.519 
10146,3/4/2025,"8,91381146507647E+021", $191.864 
10147,6/4/2025,"9,09858637006107E+021", $101.410 
10148,13/4/2025,"9,53147127486279E+021", $194.457 
10149,15/4/2025,"8,89915876292276E+021", $58.367 
10150,5/4/2025,"8,67136384736454E+021", $161.317 
10151,13/4/2025,"8,89915876292276E+021", $177.517 
10152,11/4/2025,"4,98543497445762E+021", $154.274 
10153,3/4/2025,"8,44567146779075E+021", $131.123 
10154,6/4/2025,"4,20733994205377E+021", $79.755 
10155,1/4/2025,"9,09001191008905E+021", $122.072 
10156,6/4/2025,"9,09858637006107E+021", $59.376 
10157,8/4/2025,"4,73858878975225E+021", $55.760 
10158,9/4/2025,"3,15481775044559E+021", $80.366 
10159,13/4/2025,"7,34096053491111E+021", $52.790 
10160,12/4/2025,"1,83162293609028E+021", $150.762 
10161,6/4/2025,"1,52939908547441E+021", $111.130 
10162,10/4/2025,"8,30696309536018E+021", $122.167 
10163,6/4/2025,"1,42446050864073E+021", $65.353 
10164,9/4/2025,"9,48578260837042E+021", $143.597 
10165,14/4/2025,"7,46343383127005E+021", $93.951 
10166,2/4/2025,"7,90070313867436E+021", $53.395 
10167,15/4/2025,"3,62254675757554E+021", $57.614 
10168,5/4/2025,"5,98656527854176E+021", $92.521 
10169,6/4/2025,"9,91870523434592E+021", $106.857 
10170,5/4/2025,"9,0648213060558E+021", $72.588 
10171,6/4/2025,"9,39121971652186E+021", $191.214 
10172,2/4/2025,"6,92735902304217E+021", $94.924 
10173,2/4/2025,"4,91949585194861E+021", $134.007 
10174,7/4/2025,"8,30696309536018E+021", $144.927 
10175,13/4/2025,"8,3273586799004E+021", $160.129 
10176,10/4/2025,"2,28113586439136E+021", $191.580 
10177,5/4/2025,"1,83162293609028E+021", $101.716 
10178,9/4/2025,"5,8462370211439E+021", $162.066 
10179,2/4/2025,"8,46684109979428E+021", $84.101 
10180,3/4/2025,"8,30696309536018E+021", $64.784 
10181,3/4/2025,"8,2039935233945E+021", $81.350 
10182,9/4/2025,"3,9670380782113E+021", $97.390 
10183,3/4/2025,"7,89968617385495E+021", $186.536 
10184,1/4/2025,"7,46343383127005E+021", $54.050 
10185,5/4/2025,"4,19887884827007E+021", $112.133 
10186,4/4/2025,"3,26674755082139E+021", $189.127 
10187,6/4/2025,"5,98656527854176E+021", $131.929 
10188,6/4/2025,"4,92178331003316E+021", $102.589 
10189,9/4/2025,"9,91870523434592E+021", $76.701 
10190,7/4/2025,"5,78250195351374E+021", $106.417 
10191,2/4/2025,"5,44431069907441E+021", $86.251 
10192,15/4/2025,"2,04783524945748E+021", $72.930 
10193,10/4/2025,"8,91381146507647E+021", $58.214 
10194,6/4/2025,"9,73651359332305E+021", $113.836 
10195,13/4/2025,"7,38518376253228E+021", $196.966 
10196,7/4/2025,"4,02283293303175E+021", $97.103 
10197,12/4/2025,"9,09858637006107E+021", $68.086 
10198,15/4/2025,"8,55573700996873E+021", $76.644 
10199,5/4/2025,"4,73909328947488E+021", $167.578 
10200,6/4/2025,"4,02283293303175E+021", $113.254 
10201,14/4/2025,"8,94438349184978E+021", $84.293 
10202,7/4/2025,"2,772929965369E+021", $170.148 
10203,8/4/2025,"5,51302690312913E+021", $173.702 
10204,1/4/2025,"3,74744067086467E+021", $178.015 
10205,10/4/2025,"3,35499146735024E+021", $53.759 
10206,4/4/2025,"5,78250195351374E+021", $184.698 
10207,3/4/2025,"9,95986973119611E+021", $178.029 
10208,15/4/2025,"4,46215570185223E+021", $170.611 
10209,9/4/2025,"7,1524869512191E+021", $133.703 
10210,12/4/2025,"1,1355322761208E+021", $185.979 
10211,5/4/2025,"5,98656527854176E+021", $123.090 
10212,12/4/2025,"5,46834718949211E+021", $86.337 
10213,3/4/2025,"1,11219206553049E+021", $72.774 
10214,15/4/2025,"3,56916718704462E+021", $141.200 
10215,11/4/2025,"7,34096053491111E+021", $187.188 
10216,5/4/2025,"6,52231745947975E+021", $73.757 
10217,7/4/2025,"7,8634710348395E+021", $57.897 
10218,14/4/2025,"2,39951206022593E+021", $53.394 
10219,6/4/2025,"3,13959851849161E+021", $140.901 
10220,11/4/2025,"2,28113586439136E+021", $179.560 
10221,9/4/2025,"8,44567146779075E+021", $127.180 
10222,7/4/2025,"2,548682223996E+021", $137.898 
10223,1/4/2025,"8,40165596196131E+021", $171.725 
10224,3/4/2025,"3,39232670779426E+021", $156.022 
10225,6/4/2025,"2,69899930284363E+021", $162.403 
10226,9/4/2025,"2,898753242884E+021", $103.980 
10227,12/4/2025,"4,60918647564968E+021", $149.718 
10228,2/4/2025,"8,95675508460746E+021", $59.058 
10229,3/4/2025,"9,39121971652186E+021", $83.795 
10230,14/4/2025,"4,73858878975225E+021", $93.975 
10231,11/4/2025,"7,13851286856679E+021", $164.926 
10232,5/4/2025,"8,7761182048573E+021", $149.009 
10233,3/4/2025,"2,33710026383137E+021", $106.161 
10234,2/4/2025,"9,91870523434592E+021", $146.770 
10235,5/4/2025,"7,46343383127005E+021", $59.278 
10236,8/4/2025,"7,65725551610514E+021", $71.570 
10237,8/4/2025,"7,95204013861592E+021", $114.809 
10238,9/4/2025,"6,04958925033126E+021", $111.797 
10239,2/4/2025,"2,39951206022593E+021", $148.881 
10240,15/4/2025,"6,09749067914881E+021", $165.709 
10241,1/4/2025,"8,2039935233945E+021", $154.052 
10242,11/4/2025,"1,83162293609028E+021", $189.809 
10243,4/4/2025,"7,1681924925963E+021", $65.551 
10244,6/4/2025,"6,04958925033126E+021", $181.520 
10245,15/4/2025,"3,25384047075577E+021", $115.743 
10246,3/4/2025,"5,44431069907441E+021", $100.298 
10247,10/4/2025,"7,95340126895279E+021", $55.577 
10248,12/4/2025,"8,94438349184978E+021", $188.748 
10249,15/4/2025,"1,52939908547441E+021", $116.796 
10250,3/4/2025,"3,74744067086467E+021", $154.243 
10251,6/4/2025,"2,33710026383137E+021", $85.828 
10252,2/4/2025,"4,46215570185223E+021", $85.912 
10253,7/4/2025,"7,95340126895279E+021", $179.540 
10254,12/4/2025,"3,9035750012258E+021", $140.220 
10255,4/4/2025,"3,15481775044559E+021", $73.951 
10256,1/4/2025,"7,1524869512191E+021", $180.472 
10257,10/4/2025,"9,74892939824209E+021", $114.395 
10258,1/4/2025,"2,00350930064609E+021", $62.010 
10259,11/4/2025,"4,53257310584379E+021", $118.291 
10260,5/4/2025,"5,12065800039753E+021", $71.402 
10261,10/4/2025,"4,56177967319269E+021", $197.351 
10262,1/4/2025,"8,55573700996873E+021", $124.524 
10263,4/4/2025,"5,93018171525034E+021", $57.877 
10264,7/4/2025,"9,0648213060558E+021", $104.363 
10265,15/4/2025,"4,62510419930521E+021", $105.170 
10266,13/4/2025,"9,48578260837042E+021", $153.088 
10267,14/4/2025,"8,67274714699571E+021", $111.135 
10268,12/4/2025,"3,25384047075577E+021", $139.548 
10269,1/4/2025,"2,47671667352586E+021", $173.027 
10270,11/4/2025,"7,89968617385495E+021", $171.135 
10271,15/4/2025,"5,46569292271163E+021", $182.908 
10272,1/4/2025,"5,93018171525034E+021", $52.921 
10273,11/4/2025,"6,52231745947975E+021", $145.031 
10274,10/4/2025,"7,38518376253228E+021", $151.349 
10275,13/4/2025,"9,78677594341351E+021", $81.217 
10276,10/4/2025,"7,90070313867436E+021", $122.716 
10277,1/4/2025,"9,64964149847833E+021", $55.829 
10278,15/4/2025,"3,9670380782113E+021", $179.378 
10279,15/4/2025,"7,65725551610514E+021", $78.041 
10280,2/4/2025,"6,92735902304217E+021", $62.328 
10281,11/4/2025,"9,78677594341351E+021", $88.268 
10282,11/4/2025,"8,40165596196131E+021", $180.063 
10283,12/4/2025,"4,14122909976154E+021", $115.729 
10284,12/4/2025,"8,55289759062762E+021", $110.472 
10285,1/4/2025,"9,73651359332305E+021", $161.007 
10286,15/4/2025,"5,51302690312913E+021", $106.861 
10287,8/4/2025,"1,83162293609028E+021", $152.176 
10288,11/4/2025,"5,78250195351374E+021", $111.094 
10289,1/4/2025,"4,92178331003316E+021", $137.774 
10290,7/4/2025,"8,3273586799004E+021", $182.518 
10291,2/4/2025,"9,09858637006107E+021", $184.209 
10292,3/4/2025,"3,9035750012258E+021", $103.755 
10293,11/4/2025,"4,75697510121082E+021", $152.490 
10294,13/4/2025,"7,95340126895279E+021", $182.831 
10295,2/4/2025,"4,27919731418025E+021", $76.976 
10296,2/4/2025,"6,87187763090734E+021", $52.464 
10297,4/4/2025,"8,1490439253524E+021", $153.225 
10298,9/4/2025,"7,13851286856679E+021", $84.259 
10299,9/4/2025,"7,1681924925963E+021", $183.394 
10300,6/4/2025,"4,46215570185223E+021", $122.378 
10301,7/4/2025,"4,02283293303175E+021", $192.236 
10302,7/4/2025,"3,56916718704462E+021", $78.921 
10303,2/4/2025,"8,95675508460746E+021", $75.775 
10304,11/4/2025,"4,75697510121082E+021", $184.707 
10305,13/4/2025,"7,99790797812624E+021", $168.578 
10306,3/4/2025,"7,13851286856679E+021", $50.207 
10307,2/4/2025,"6,09749067914881E+021", $60.498 
10308,9/4/2025,"9,53147127486279E+021", $157.258 
10309,1/4/2025,"5,11730577361883E+021", $76.453 
10310,12/4/2025,"5,12065800039753E+021", $198.674 
10311,8/4/2025,"7,65725551610514E+021", $96.833 
10312,4/4/2025,"2,548682223996E+021", $109.644 
10313,8/4/2025,"6,06251086472468E+021", $163.301 
10314,14/4/2025,"9,30191466363557E+021", $91.813 
10315,7/4/2025,"2,00350930064609E+021", $198.636 
10316,12/4/2025,"9,87305236360946E+021", $52.825 
10317,6/4/2025,"4,53257310584379E+021", $187.631 
10318,9/4/2025,"6,06251086472468E+021", $114.272 
10319,11/4/2025,"7,34096053491111E+021", $81.587 
10320,9/4/2025,"9,95986973119611E+021", $162.011 
10321,1/4/2025,"3,62254675757554E+021", $136.172 
10322,11/4/2025,"8,7761182048573E+021", $98.661 
10323,12/4/2025,"6,79301841411764E+021", $143.024 
10324,5/4/2025,"8,46915389675461E+021", $150.706 
10325,1/4/2025,"3,35499146735024E+021", $59.095 
10326,9/4/2025,"5,97385558569753E+021", $134.816 
10327,6/4/2025,"9,09001191008905E+021", $92.770 
10328,12/4/2025,"6,87187763090734E+021", $88.196 
10329,11/4/2025,"2,33710026383137E+021", $188.043 
10330,2/4/2025,"1,1355322761208E+021", $67.414 
10331,10/4/2025,"1,59990622958479E+021", $155.956 
10332,10/4/2025,"6,04958925033126E+021", $79.235 
10333,5/4/2025,"3,62254675757554E+021", $66.682 
10334,14/4/2025,"6,75837616718414E+021", $158.742 
10335,1/4/2025,"5,44431069907441E+021", $93.321 
10336,1/4/2025,"5,98656527854176E+021", $158.633 
10337,2/4/2025,"7,1524869512191E+021", $110.237 
10338,13/4/2025,"6,92735902304217E+021", $140.337 
10339,2/4/2025,"5,8462370211439E+021", $121.860 
10340,5/4/2025,"2,898753242884E+021", $82.151 
10341,11/4/2025,"4,73909328947488E+021", $86.289 
10342,6/4/2025,"2,47671667352586E+021", $156.467 
10343,8/4/2025,"8,3273586799004E+021", $162.900 
10344,5/4/2025,"4,62510419930521E+021", $107.632 
10345,7/4/2025,"2,31440789738504E+021", $113.908 
10346,6/4/2025,"8,2039935233945E+021", $142.714 
10347,12/4/2025,"1,59990622958479E+021", $176.473 
10348,4/4/2025,"3,74744067086467E+021", $52.342 
10349,7/4/2025,"3,9670380782113E+021", $51.716 
10350,3/4/2025,"2,56709908409072E+021", $160.154 
10351,8/4/2025,"1,42446050864073E+021", $144.324 
10352,1/4/2025,"8,7761182048573E+021", $96.644 
10353,2/4/2025,"1,11219206553049E+021", $95.190 
10354,13/4/2025,"2,56709908409072E+021", $194.960 
10355,4/4/2025,"5,46834718949211E+021", $82.115 
10356,14/4/2025,"4,46215570185223E+021", $172.848 
10357,15/4/2025,"5,73854218385004E+021", $162.802 
10358,2/4/2025,"7,34096053491111E+021", $156.862 
10359,11/4/2025,"3,54240447745631E+021", $161.238 
10360,14/4/2025,"1,1355322761208E+021", $194.741 
10361,14/4/2025,"2,33710026383137E+021", $117.552 
10362,5/4/2025,"4,56177967319269E+021", $115.220 
10363,11/4/2025,"9,53147127486279E+021", $178.063 
10364,11/4/2025,"4,73909328947488E+021", $112.706 
10365,14/4/2025,"3,39232670779426E+021", $118.277 
10366,10/4/2025,"1,42446050864073E+021", $131.065 
10367,12/4/2025,"2,04783524945748E+021", $80.984 
10368,8/4/2025,"4,20733994205377E+021", $140.647 
10369,12/4/2025,"7,99790797812624E+021", $59.919 
10370,5/4/2025,"2,64547448782441E+021", $58.395 
10371,9/4/2025,"1,6866887682855E+021", $164.070 
10372,7/4/2025,"9,48578260837042E+021", $71.182 
10373,4/4/2025,"8,2039935233945E+021", $146.282 
10374,13/4/2025,"7,46343383127005E+021", $52.384 
10375,8/4/2025,"1,83162293609028E+021", $182.405 
10376,14/4/2025,"9,87305236360946E+021", $179.156 
10377,9/4/2025,"3,35499146735024E+021", $113.076 
10378,1/4/2025,"2,69899930284363E+021", $137.397 
10379,10/4/2025,"5,12065800039753E+021", $157.829 
10380,4/4/2025,"3,74744067086467E+021", $97.721 
10381,6/4/2025,"6,75837616718414E+021", $169.897 
10382,3/4/2025,"8,67274714699571E+021", $74.929 
10383,6/4/2025,"3,35499146735024E+021", $165.156 
10384,7/4/2025,"4,92178331003316E+021", $150.385 
10385,11/4/2025,"5,10397669051892E+021", $159.380 
10386,11/4/2025,"7,1681924925963E+021", $171.070 
10387,5/4/2025,"9,48578260837042E+021", $72.825 
10388,8/4/2025,"7,90070313867436E+021", $167.629 
10389,1/4/2025,"2,47671667352586E+021", $53.127 
10390,6/4/2025,"8,55289759062762E+021", $166.184 
10391,5/4/2025,"2,898753242884E+021", $74.395 
10392,11/4/2025,"6,04958925033126E+021", $68.627 
10393,6/4/2025,"3,9035750012258E+021", $109.499 
10394,4/4/2025,"9,30191466363557E+021", $152.082 
10395,13/4/2025,"8,46684109979428E+021", $138.964 
10396,14/4/2025,"1,52939908547441E+021", $197.390 
10397,15/4/2025,"2,00350930064609E+021", $138.326 
10398,9/4/2025,"2,69899930284363E+021", $184.269 
10399,13/4/2025,"3,39232670779426E+021", $110.236 
10400,13/4/2025,"8,30696309536018E+021", $102.175 
10401,10/4/2025,"3,62254675757554E+021", $57.128 
10402,1/4/2025,"4,92178331003316E+021", $176.156 
10403,6/4/2025,"7,95204013861592E+021", $140.859 
10404,4/4/2025,"7,95204013861592E+021", $149.702 
10405,5/4/2025,"7,89968617385495E+021", $133.980 
10406,5/4/2025,"8,46684109979428E+021", $136.350 
10407,7/4/2025,"8,1490439253524E+021", $195.076 
10408,11/4/2025,"5,97385558569753E+021", $115.614 
10409,15/4/2025,"4,53257310584379E+021", $120.819 
10410,10/4/2025,"5,73854218385004E+021", $79.132 
10411,1/4/2025,"4,91949585194861E+021", $140.512 
10412,4/4/2025,"8,91381146507647E+021", $136.879 
10413,6/4/2025,"2,64547448782441E+021", $83.522 
10414,11/4/2025,"5,97385558569753E+021", $72.479 
10415,14/4/2025,"6,06251086472468E+021", $116.411 
10416,8/4/2025,"9,74892939824209E+021", $167.573 
10417,9/4/2025,"8,7761182048573E+021", $90.248 
10418,9/4/2025,"3,9670380782113E+021", $106.357 
10419,6/4/2025,"9,48578260837042E+021", $182.057 
10420,3/4/2025,"1,6866887682855E+021", $118.204 
10421,3/4/2025,"2,548682223996E+021", $108.644 
10422,10/4/2025,"4,05868883433879E+021", $110.411 
10423,7/4/2025,"3,74744067086467E+021", $137.192 
10424,10/4/2025,"4,53257310584379E+021", $149.964 
10425,13/4/2025,"8,57114113227022E+021", $100.600 
10426,5/4/2025,"3,25384047075577E+021", $82.394 
10427,1/4/2025,"2,31440789738504E+021", $172.578 
10428,15/4/2025,"4,19887884827007E+021", $59.875 
10429,5/4/2025,"7,99790797812624E+021", $133.729 
10430,14/4/2025,"1,6866887682855E+021", $62.577 
10431,7/4/2025,"9,64964149847833E+021", $157.352 
10432,13/4/2025,"8,3273586799004E+021", $98.167 
10433,8/4/2025,"7,38518376253228E+021", $128.476 
10434,5/4/2025,"5,11730577361883E+021", $112.778 
10435,12/4/2025,"5,51302690312913E+021", $148.766 
10436,14/4/2025,"4,00664685839506E+021", $72.283 
10437,10/4/2025,"1,11219206553049E+021", $190.549 
10438,9/4/2025,"7,1681924925963E+021", $72.784 
10439,4/4/2025,"2,04783524945748E+021", $93.079 
10440,9/4/2025,"4,56177967319269E+021", $181.864 
10441,6/4/2025,"4,46215570185223E+021", $148.230 
10442,5/4/2025,"5,44431069907441E+021", $114.492 
10443,2/4/2025,"8,46915389675461E+021", $131.654 
10444,8/4/2025,"9,30191466363557E+021", $195.913 
10445,1/4/2025,"5,51302690312913E+021", $165.272 
10446,14/4/2025,"3,26674755082139E+021", $141.051 
10447,7/4/2025,"8,89915876292276E+021", $169.361 
10448,3/4/2025,"9,78677594341351E+021", $162.126 
10449,8/4/2025,"4,20733994205377E+021", $118.711 
10450,1/4/2025,"8,3273586799004E+021", $62.996 
10451,10/4/2025,"3,15481775044559E+021", $55.937 
10452,15/4/2025,"5,46569292271163E+021", $163.332 
10453,6/4/2025,"6,75837616718414E+021", $61.299 
10454,11/4/2025,"6,52231745947975E+021", $156.591 
10455,8/4/2025,"3,13959851849161E+021", $140.753 
10456,8/4/2025,"2,39951206022593E+021", $148.652 
10457,1/4/2025,"2,772929965369E+021", $54.446 
10458,9/4/2025,"7,8634710348395E+021", $60.662 
10459,11/4/2025,"7,8634710348395E+021", $162.700 
10460,5/4/2025,"6,79301841411764E+021", $141.397 
10461,5/4/2025,"4,20362316812111E+021", $161.568 
10462,5/4/2025,"9,87305236360946E+021", $73.356 
10463,13/4/2025,"7,99790797812624E+021", $171.808 
10464,15/4/2025,"4,00664685839506E+021", $193.606 
10465,10/4/2025,"8,95675508460746E+021", $64.340 
10466,10/4/2025,"9,64964149847833E+021", $67.707 
10467,8/4/2025,"5,44431069907441E+021", $129.220 
10468,1/4/2025,"9,53147127486279E+021", $103.106 
10469,1/4/2025,"4,00664685839506E+021", $132.330 
10470,2/4/2025,"9,64964149847833E+021", $147.641 
10471,12/4/2025,"3,15481775044559E+021", $173.007 
10472,5/4/2025,"4,73858878975225E+021", $180.313 
10473,6/4/2025,"9,74892939824209E+021", $77.565 
10474,10/4/2025,"8,1490439253524E+021", $138.880 
10475,1/4/2025,"3,9670380782113E+021", $111.991 
10476,5/4/2025,"2,28113586439136E+021", $149.172 
10477,3/4/2025,"5,10397669051892E+021", $149.063 
10478,15/4/2025,"2,548682223996E+021", $117.351 
10479,3/4/2025,"5,78250195351374E+021", $69.375 
10480,1/4/2025,"4,73909328947488E+021", $76.462 
10481,3/4/2025,"6,79301841411764E+021", $97.204 
10482,6/4/2025,"4,27919731418025E+021", $136.725 
10483,9/4/2025,"4,64913209162012E+021", $94.813 
10484,7/4/2025,"3,13959851849161E+021", $67.757 
10485,12/4/2025,"1,42446050864073E+021", $129.775 
10486,14/4/2025,"5,98656527854176E+021", $142.414 
10487,13/4/2025,"4,20362316812111E+021", $174.609 
10488,12/4/2025,"4,19887884827007E+021", $153.147 
10489,1/4/2025,"4,19887884827007E+021", $78.952 
10490,11/4/2025,"2,28113586439136E+021", $51.023 
10491,4/4/2025,"9,30191466363557E+021", $68.041 
10492,2/4/2025,"4,98543497445762E+021", $194.100 
10493,1/4/2025,"6,75837616718414E+021", $83.804 
10494,5/4/2025,"2,56709908409072E+021", $100.728 
10495,1/4/2025,"8,95675508460746E+021", $92.460 
10496,5/4/2025,"1,11219206553049E+021", $68.025 
10497,13/4/2025,"4,05868883433879E+021", $91.987 
10498,4/4/2025,"8,57114113227022E+021", $143.749 
10499,10/4/2025,"8,40165596196131E+021", $65.170 
10500,5/4/2025,"9,09001191008905E+021", $97.015 
10501,14/4/2025,"3,39232670779426E+021", $169.975 
10502,4/4/2025,"7,34096053491111E+021", $78.134 
10503,15/4/2025,"4,19887884827007E+021", $118.671 
10504,4/4/2025,"8,46684109979428E+021", $189.852 
10505,14/4/2025,"2,31440789738504E+021", $121.824 
10506,11/4/2025,"9,74892939824209E+021", $66.694 
10507,11/4/2025,"8,89915876292276E+021", $83.632 
10508,3/4/2025,"5,12065800039753E+021", $187.350 
10509,13/4/2025,"5,73854218385004E+021", $120.705 
10510,4/4/2025,"4,20362316812111E+021", $68.210 
10511,7/4/2025,"2,39951206022593E+021", $115.244 
10512,6/4/2025,"2,04783524945748E+021", $171.056 
10513,11/4/2025,"9,91870523434592E+021", $80.213 
10514,5/4/2025,"4,53257310584379E+021", $182.676 
10515,9/4/2025,"5,73854218385004E+021", $187.495 
10516,9/4/2025,"5,97385558569753E+021", $191.552 
10517,10/4/2025,"2,56709908409072E+021", $92.943 
10518,4/4/2025,"8,44567146779075E+021", $149.355 
10519,9/4/2025,"4,20733994205377E+021", $137.324 
10520,6/4/2025,"8,46915389675461E+021", $136.490 
10521,8/4/2025,"5,11730577361883E+021", $196.175 
10522,15/4/2025,"6,92735902304217E+021", $89.967 
10523,6/4/2025,"5,93018171525034E+021", $98.691 
10524,3/4/2025,"9,74892939824209E+021", $164.108 
10525,13/4/2025,"4,05868883433879E+021", $85.483 
10526,4/4/2025,"2,898753242884E+021", $179.740 
10527,12/4/2025,"8,7761182048573E+021", $133.598 
10528,6/4/2025,"9,95986973119611E+021", $161.864 
10529,12/4/2025,"7,90070313867436E+021", $120.520 
10530,10/4/2025,"3,54240447745631E+021", $184.972 
10531,8/4/2025,"3,54240447745631E+021", $195.900 
10532,8/4/2025,"4,60918647564968E+021", $73.153 
10533,5/4/2025,"2,39951206022593E+021", $199.894 
10534,8/4/2025,"9,79876734921853E+021", $192.386 
10535,7/4/2025,"4,56177967319269E+021", $192.886 
10536,14/4/2025,"1,59990622958479E+021", $108.981 
10537,11/4/2025,"4,02283293303175E+021", $70.676 
10538,6/4/2025,"5,10397669051892E+021", $95.081 
10539,10/4/2025,"6,87187763090734E+021", $181.612 
10540,2/4/2025,"5,46569292271163E+021", $149.535 
10541,1/4/2025,"4,60918647564968E+021", $54.354 
10542,4/4/2025,"8,30696309536018E+021", $81.999 
10543,2/4/2025,"9,73651359332305E+021", $184.270 
10544,8/4/2025,"8,2039935233945E+021", $84.125 
10545,1/4/2025,"5,93018171525034E+021", $104.661 
10546,10/4/2025,"9,73651359332305E+021", $119.316 
10547,8/4/2025,"8,89915876292276E+021", $117.215 
10548,5/4/2025,"9,91870523434592E+021", $149.102 
10549,14/4/2025,"7,65725551610514E+021", $99.325 
10550,5/4/2025,"5,10397669051892E+021", $125.644 
10551,1/4/2025,"4,14122909976154E+021", $125.601 
10552,15/4/2025,"9,73651359332305E+021", $120.088 
10553,7/4/2025,"2,00350930064609E+021", $169.132 
10554,15/4/2025,"9,95986973119611E+021", $110.836 
10555,1/4/2025,"9,39121971652186E+021", $100.710 
10556,9/4/2025,"8,55573700996873E+021", $61.851 
10557,9/4/2025,"8,46915389675461E+021", $113.751 
10558,14/4/2025,"7,95204013861592E+021", $170.047 
10559,10/4/2025,"1,59990622958479E+021", $82.452 
10560,7/4/2025,"9,39121971652186E+021", $61.338 
10561,15/4/2025,"4,62510419930521E+021", $79.801 
10562,12/4/2025,"8,67136384736454E+021", $106.097 
10563,2/4/2025,"3,54240447745631E+021", $55.290 
10564,1/4/2025,"4,75697510121082E+021", $156.896 
10565,7/4/2025,"4,91949585194861E+021", $106.904 
10566,6/4/2025,"5,46834718949211E+021", $169.193 
10567,8/4/2025,"6,04958925033126E+021", $93.295 
10568,1/4/2025,"1,1355322761208E+021", $180.990 
10569,10/4/2025,"9,78677594341351E+021", $76.164 
10570,2/4/2025,"4,62510419930521E+021", $113.283 
10571,3/4/2025,"2,12987377940022E+021", $155.534 
10572,13/4/2025,"7,65725551610514E+021", $92.056 
10573,13/4/2025,"5,46569292271163E+021", $121.402 
10574,11/4/2025,"7,90070313867436E+021", $136.264 
10575,4/4/2025,"2,04783524945748E+021", $71.816 
10576,7/4/2025,"1,42446050864073E+021", $119.447 
10577,5/4/2025,"9,79876734921853E+021", $70.705 
10578,13/4/2025,"2,12987377940022E+021", $146.272 
10579,9/4/2025,"4,27919731418025E+021", $181.648 
10580,10/4/2025,"9,64964149847833E+021", $53.705 
10581,14/4/2025,"6,06251086472468E+021", $153.690 
10582,8/4/2025,"5,8462370211439E+021", $126.657 
10583,13/4/2025,"4,75697510121082E+021", $168.565 
10584,9/4/2025,"7,13851286856679E+021", $97.879 
10585,13/4/2025,"4,73909328947488E+021", $87.318 
10586,2/4/2025,"9,0648213060558E+021", $65.998 
10587,2/4/2025,"8,94438349184978E+021", $73.930 
10588,8/4/2025,"2,772929965369E+021", $63.003 
10589,15/4/2025,"6,92735902304217E+021", $92.191 
10590,10/4/2025,"2,12987377940022E+021", $79.393 
10591,8/4/2025,"7,89968617385495E+021", $93.155 
10592,8/4/2025,"3,9035750012258E+021", $170.084 
10593,6/4/2025,"7,95204013861592E+021", $58.807 
10594,8/4/2025,"3,13959851849161E+021", $60.411 
10595,12/4/2025,"2,33710026383137E+021", $91.306 
10596,2/4/2025,"2,772929965369E+021", $79.090 
10597,8/4/2025,"9,87305236360946E+021", $100.016 
10598,5/4/2025,"5,8462370211439E+021", $162.861 
10599,4/5/2025,"7,13851286856679E+021", $131.887 
10600,9/5/2025,"1,83162293609028E+021", $70.806 
10601,15/4/2025,"3,62254675757554E+021", $156.005 
10602,1/5/2025,"4,91949585194861E+021", $80.347 
10603,4/5/2025,"5,44431069907441E+021", $191.923 
10604,12/5/2025,"9,73651359332305E+021", $126.961 
10605,9/5/2025,"6,06251086472468E+021", $50.315 
10606,15/5/2025,"4,02283293303175E+021", $65.280 
10607,8/5/2025,"2,56709908409072E+021", $95.680 
10608,4/5/2025,"5,11730577361883E+021", $55.468 
10609,15/5/2025,"6,52231745947975E+021", $109.368 
10610,7/5/2025,"9,48578260837042E+021", $89.533 
10611,1/5/2025,"2,69899930284363E+021", $85.180 
10612,2/5/2025,"7,34096053491111E+021", $54.587 
10613,7/5/2025,"2,69899930284363E+021", $72.479 
10614,12/5/2025,"5,51302690312913E+021", $170.269 
10615,5/5/2025,"4,64913209162012E+021", $151.481 
10616,6/5/2025,"7,38518376253228E+021", $161.404 
10617,7/5/2025,"2,64547448782441E+021", $69.225 
10618,4/5/2025,"6,52231745947975E+021", $78.603 
10619,15/5/2025,"5,46569292271163E+021", $91.888 
10620,8/5/2025,"3,62254675757554E+021", $177.377 
10621,12/5/2025,"2,898753242884E+021", $156.685 
10622,14/5/2025,"8,55573700996873E+021", $132.387 
10623,12/5/2025,"8,67136384736454E+021", $138.497 
10624,8/5/2025,"2,39951206022593E+021", $173.579 
10625,5/5/2025,"4,91949585194861E+021", $100.508 
10626,9/5/2025,"2,548682223996E+021", $107.373 
10627,13/5/2025,"4,62510419930521E+021", $77.316 
10628,7/5/2025,"4,27919731418025E+021", $163.337 
10629,15/5/2025,"6,09749067914881E+021", $57.001 
10630,1/5/2025,"8,55573700996873E+021", $185.652 
10631,7/5/2025,"3,9035750012258E+021", $93.204 
10632,2/5/2025,"9,91870523434592E+021", $107.301 
10633,11/5/2025,"7,46343383127005E+021", $65.263 
10634,3/5/2025,"5,73854218385004E+021", $147.508 
10635,1/5/2025,"4,20362316812111E+021", $130.391 
10636,8/5/2025,"6,09749067914881E+021", $171.477 
10637,13/5/2025,"7,1524869512191E+021", $163.940 
10638,11/5/2025,"2,47671667352586E+021", $54.904 
10639,2/5/2025,"8,67274714699571E+021", $199.767 
10640,8/5/2025,"8,91381146507647E+021", $131.428 
10641,3/5/2025,"4,20733994205377E+021", $86.046 
10642,14/5/2025,"3,9670380782113E+021", $196.803 
10643,5/5/2025,"8,7761182048573E+021", $115.693 
10644,4/5/2025,"2,772929965369E+021", $190.865 
10645,4/5/2025,"2,28113586439136E+021", $101.637 
10646,3/5/2025,"3,39232670779426E+021", $156.282 
10647,11/5/2025,"2,00350930064609E+021", $99.377 
10648,7/5/2025,"9,91870523434592E+021", $197.311 
10649,8/5/2025,"7,8634710348395E+021", $161.516 
10650,12/5/2025,"1,11219206553049E+021", $192.243 
10651,6/5/2025,"3,56916718704462E+021", $71.292 
10652,2/5/2025,"1,1355322761208E+021", $178.630 
10653,15/5/2025,"4,73909328947488E+021", $95.082 
10654,4/5/2025,"8,91381146507647E+021", $130.919 
10655,7/5/2025,"5,97385558569753E+021", $96.556 
10656,11/5/2025,"7,99790797812624E+021", $189.241 
10657,3/5/2025,"8,91381146507647E+021", $194.237 
10658,12/5/2025,"5,78250195351374E+021", $193.970 
10659,4/5/2025,"9,74892939824209E+021", $134.839 
10660,8/5/2025,"5,46834718949211E+021", $79.497 
10661,7/5/2025,"9,30191466363557E+021", $182.749 
10662,15/5/2025,"2,04783524945748E+021", $95.228 
10663,11/5/2025,"3,9035750012258E+021", $174.050 
10664,6/5/2025,"8,95675508460746E+021", $100.415 
10665,1/5/2025,"9,95986973119611E+021", $72.974 
10666,5/5/2025,"7,13851286856679E+021", $72.633 
10667,1/5/2025,"6,06251086472468E+021", $165.930 
10668,10/5/2025,"9,78677594341351E+021", $197.496 
10669,14/5/2025,"3,25384047075577E+021", $169.517 
10670,1/5/2025,"7,46343383127005E+021", $183.420 
10671,13/5/2025,"4,20733994205377E+021", $175.974 
10672,13/5/2025,"4,19887884827007E+021", $64.218 
10673,9/5/2025,"4,64913209162012E+021", $189.650 
10674,3/5/2025,"9,78677594341351E+021", $74.028 
10675,11/5/2025,"1,83162293609028E+021", $135.699 
10676,9/5/2025,"6,87187763090734E+021", $95.880 
10677,11/5/2025,"2,33710026383137E+021", $129.150 
10678,9/5/2025,"5,93018171525034E+021", $131.032 
10679,9/5/2025,"6,75837616718414E+021", $84.275 
10680,3/5/2025,"4,73909328947488E+021", $166.301 
10681,4/5/2025,"3,39232670779426E+021", $120.663 
10682,11/5/2025,"4,98543497445762E+021", $191.511 
10683,3/5/2025,"5,93018171525034E+021", $136.680 
10684,6/5/2025,"4,73858878975225E+021", $161.015 
10685,6/5/2025,"4,02283293303175E+021", $53.704 
10686,1/5/2025,"6,92735902304217E+021", $132.737 
10687,10/5/2025,"1,6866887682855E+021", $181.819 
10688,12/5/2025,"8,94438349184978E+021", $118.700 
10689,9/5/2025,"5,12065800039753E+021", $72.328 
10690,10/5/2025,"4,60918647564968E+021", $151.680 
10691,4/5/2025,"5,46569292271163E+021", $158.984 
10692,8/5/2025,"9,64964149847833E+021", $70.849 
10693,15/5/2025,"2,04783524945748E+021", $197.466 
10694,5/5/2025,"6,75837616718414E+021", $155.294 
10695,12/5/2025,"9,09858637006107E+021", $150.201 
10696,5/5/2025,"7,1524869512191E+021", $159.342 
10697,6/5/2025,"6,04958925033126E+021", $82.632 
10698,13/5/2025,"7,38518376253228E+021", $100.349 
10699,2/5/2025,"8,57114113227022E+021", $75.484 
10700,5/5/2025,"5,78250195351374E+021", $129.009 
10701,15/5/2025,"2,12987377940022E+021", $66.526 
10702,5/5/2025,"9,09001191008905E+021", $166.557 
10703,11/5/2025,"8,2039935233945E+021", $117.834 
10704,8/5/2025,"1,1355322761208E+021", $67.911 
10705,13/5/2025,"8,94438349184978E+021", $156.333 
10706,13/5/2025,"4,60918647564968E+021", $197.263 
10707,5/5/2025,"4,75697510121082E+021", $129.591 
10708,11/5/2025,"2,772929965369E+021", $196.050 
10709,3/5/2025,"3,35499146735024E+021", $137.064 
10710,6/5/2025,"3,56916718704462E+021", $170.865 
10711,15/5/2025,"4,20733994205377E+021", $145.879 
10712,9/5/2025,"8,57114113227022E+021", $174.100 
10713,6/5/2025,"1,42446050864073E+021", $160.361 
10714,7/5/2025,"3,54240447745631E+021", $194.532 
10715,11/5/2025,"1,6866887682855E+021", $71.985 
10716,12/5/2025,"4,56177967319269E+021", $160.615 
10717,3/5/2025,"4,60918647564968E+021", $186.435 
10718,15/5/2025,"9,95986973119611E+021", $68.405 
10719,15/5/2025,"9,95986973119611E+021", $127.645 
10720,15/5/2025,"2,33710026383137E+021", $108.333 
10721,1/5/2025,"1,59990622958479E+021", $100.216 
10722,15/5/2025,"2,898753242884E+021", $62.509 
10723,7/5/2025,"7,65725551610514E+021", $127.609 
10724,13/5/2025,"6,79301841411764E+021", $170.207 
10725,3/5/2025,"7,65725551610514E+021", $166.048 
10726,7/5/2025,"5,93018171525034E+021", $182.467 
10727,8/5/2025,"4,46215570185223E+021", $138.962 
10728,6/5/2025,"5,97385558569753E+021", $81.736 
10729,15/5/2025,"8,57114113227022E+021", $122.180 
10730,15/5/2025,"9,0648213060558E+021", $143.518 
10731,11/5/2025,"2,548682223996E+021", $114.041 
10732,4/5/2025,"2,69899930284363E+021", $102.390 
10733,2/5/2025,"4,92178331003316E+021", $163.670 
10734,11/5/2025,"9,30191466363557E+021", $146.170 
10735,4/5/2025,"8,1490439253524E+021", $149.325 
10736,3/5/2025,"5,78250195351374E+021", $144.361 
10737,9/5/2025,"4,73909328947488E+021", $51.087 
10738,7/5/2025,"4,00664685839506E+021", $186.719 
10739,1/5/2025,"9,0648213060558E+021", $130.527 
10740,14/5/2025,"9,74892939824209E+021", $184.473 
10741,10/5/2025,"3,56916718704462E+021", $182.066 
10742,12/5/2025,"3,26674755082139E+021", $123.694 
10743,1/5/2025,"4,05868883433879E+021", $161.676 
10744,9/5/2025,"3,54240447745631E+021", $96.506 
10745,6/5/2025,"3,54240447745631E+021", $149.629 
10746,8/5/2025,"8,46915389675461E+021", $137.123 
10747,14/5/2025,"4,14122909976154E+021", $164.277 
10748,8/5/2025,"5,44431069907441E+021", $148.735 
10749,11/5/2025,"8,40165596196131E+021", $104.082 
10750,9/5/2025,"4,27919731418025E+021", $177.937 
10751,12/5/2025,"7,34096053491111E+021", $185.999 
10752,7/5/2025,"7,95340126895279E+021", $194.984 
10753,5/5/2025,"9,53147127486279E+021", $70.094 
10754,7/5/2025,"8,30696309536018E+021", $131.615 
10755,4/5/2025,"2,47671667352586E+021", $119.614 
10756,5/5/2025,"4,00664685839506E+021", $169.478 
10757,1/5/2025,"7,65725551610514E+021", $87.005 
10758,5/5/2025,"8,44567146779075E+021", $84.986 
10759,8/5/2025,"6,92735902304217E+021", $156.751 
10760,14/5/2025,"9,64964149847833E+021", $62.616 
10761,9/5/2025,"2,56709908409072E+021", $140.589 
10762,7/5/2025,"8,7761182048573E+021", $56.873 
10763,12/5/2025,"6,92735902304217E+021", $182.835 
10764,4/5/2025,"2,31440789738504E+021", $107.970 
10765,15/5/2025,"4,05868883433879E+021", $156.140 
10766,8/5/2025,"8,55289759062762E+021", $188.076 
10767,5/5/2025,"4,98543497445762E+021", $88.546 
10768,4/5/2025,"5,11730577361883E+021", $60.353 
10769,5/5/2025,"7,90070313867436E+021", $69.741 
10770,4/5/2025,"5,44431069907441E+021", $144.252 
10771,3/5/2025,"1,59990622958479E+021", $92.830 
10772,11/5/2025,"5,93018171525034E+021", $108.701 
10773,15/5/2025,"7,95204013861592E+021", $75.940 
10774,2/5/2025,"8,57114113227022E+021", $74.470 
10775,5/5/2025,"9,09001191008905E+021", $170.301 
10776,4/5/2025,"4,75697510121082E+021", $186.747 
10777,2/5/2025,"9,74892939824209E+021", $57.331 
10778,13/5/2025,"7,95204013861592E+021", $119.464 
10779,3/5/2025,"8,46915389675461E+021", $95.938 
10780,6/5/2025,"4,91949585194861E+021", $99.587 
10781,12/5/2025,"4,73858878975225E+021", $112.468 
10782,10/5/2025,"2,69899930284363E+021", $145.104 
10783,2/5/2025,"9,48578260837042E+021", $198.323 
10784,15/5/2025,"1,59990622958479E+021", $80.543 
10785,4/5/2025,"7,99790797812624E+021", $133.183 
10786,8/5/2025,"3,74744067086467E+021", $193.410 
10787,3/5/2025,"2,39951206022593E+021", $129.178 
10788,4/5/2025,"3,26674755082139E+021", $117.533 
10789,6/5/2025,"6,87187763090734E+021", $126.935 
10790,9/5/2025,"5,12065800039753E+021", $112.726 
10791,1/5/2025,"4,56177967319269E+021", $100.978 
10792,7/5/2025,"4,02283293303175E+021", $70.518 
10793,15/5/2025,"8,46915389675461E+021", $115.093 
10794,6/5/2025,"7,34096053491111E+021", $63.167 
10795,4/5/2025,"9,09858637006107E+021", $113.867 
10796,6/5/2025,"6,79301841411764E+021", $170.741 
10797,15/5/2025,"2,56709908409072E+021", $101.662 
10798,9/5/2025,"1,83162293609028E+021", $75.458 
10799,1/5/2025,"9,0648213060558E+021", $183.587 
10800,2/5/2025,"4,98543497445762E+021", $77.714 
10801,6/5/2025,"8,40165596196131E+021", $137.170 
10802,2/5/2025,"4,92178331003316E+021", $162.475 
10803,6/5/2025,"7,1524869512191E+021", $181.213 
10804,11/5/2025,"9,91870523434592E+021", $83.069 
10805,8/5/2025,"7,90070313867436E+021", $151.539 
10806,8/5/2025,"4,73858878975225E+021", $174.711 
10807,6/5/2025,"1,52939908547441E+021", $157.638 
10808,14/5/2025,"7,95204013861592E+021", $88.696 
10809,10/5/2025,"6,87187763090734E+021", $143.709 
10810,14/5/2025,"5,46834718949211E+021", $134.213 
10811,6/5/2025,"1,59990622958479E+021", $98.981 
10812,14/5/2025,"8,3273586799004E+021", $176.647 
10813,7/5/2025,"9,64964149847833E+021", $135.819 
10814,13/5/2025,"1,83162293609028E+021", $56.355 
10815,11/5/2025,"1,1355322761208E+021", $176.497 
10816,1/5/2025,"7,46343383127005E+021", $112.293 
10817,13/5/2025,"8,30696309536018E+021", $93.855 
10818,11/5/2025,"8,95675508460746E+021", $149.152 
10819,8/5/2025,"5,97385558569753E+021", $176.138 
10820,9/5/2025,"8,7761182048573E+021", $146.881 
10821,8/5/2025,"4,02283293303175E+021", $117.703 
10822,8/5/2025,"5,73854218385004E+021", $78.576 
10823,1/5/2025,"3,13959851849161E+021", $168.054 
10824,9/5/2025,"8,2039935233945E+021", $149.437 
10825,13/5/2025,"8,55573700996873E+021", $104.993 
10826,1/5/2025,"5,8462370211439E+021", $95.468 
10827,10/5/2025,"4,56177967319269E+021", $196.589 
10828,5/5/2025,"1,11219206553049E+021", $162.191 
10829,13/5/2025,"8,67274714699571E+021", $90.455 
10830,12/5/2025,"5,11730577361883E+021", $142.522 
10831,13/5/2025,"5,73854218385004E+021", $196.943 
10832,4/5/2025,"9,79876734921853E+021", $91.719 
10833,6/5/2025,"4,73858878975225E+021", $95.147 
10834,2/5/2025,"8,3273586799004E+021", $178.511 
10835,11/5/2025,"4,73909328947488E+021", $187.558 
10836,11/5/2025,"8,3273586799004E+021", $85.668 
10837,12/5/2025,"4,14122909976154E+021", $89.293 
10838,3/5/2025,"3,39232670779426E+021", $115.795 
10839,3/5/2025,"1,83162293609028E+021", $65.711 
10840,11/5/2025,"8,91381146507647E+021", $108.357 
10841,6/5/2025,"9,09858637006107E+021", $122.086 
10842,7/5/2025,"9,09858637006107E+021", $176.936 
10843,6/5/2025,"2,898753242884E+021", $68.457 
10844,10/5/2025,"7,38518376253228E+021", $184.892 
10845,6/5/2025,"3,74744067086467E+021", $88.485 
10846,14/5/2025,"9,73651359332305E+021", $134.512 
10847,12/5/2025,"2,64547448782441E+021", $59.227 
10848,12/5/2025,"4,14122909976154E+021", $178.872 
10849,4/5/2025,"2,31440789738504E+021", $54.206 
10850,7/5/2025,"4,20733994205377E+021", $114.124 
10851,15/5/2025,"3,26674755082139E+021", $173.204 
10852,9/5/2025,"5,98656527854176E+021", $94.047 
10853,4/5/2025,"8,30696309536018E+021", $85.228 
10854,13/5/2025,"5,78250195351374E+021", $71.356 
10855,9/5/2025,"2,31440789738504E+021", $159.878 
10856,13/5/2025,"8,67136384736454E+021", $148.116 
10857,8/5/2025,"8,55573700996873E+021", $121.574 
10858,9/5/2025,"6,79301841411764E+021", $188.203 
10859,1/5/2025,"5,51302690312913E+021", $80.769 
10860,7/5/2025,"8,2039935233945E+021", $184.492 
10861,12/5/2025,"3,62254675757554E+021", $187.116 
10862,5/5/2025,"2,47671667352586E+021", $142.860 
10863,1/5/2025,"5,46569292271163E+021", $157.957 
10864,11/5/2025,"4,73858878975225E+021", $96.095 
10865,15/5/2025,"7,65725551610514E+021", $130.386 
10866,13/5/2025,"3,35499146735024E+021", $55.517 
10867,14/5/2025,"5,10397669051892E+021", $86.553 
10868,1/5/2025,"5,98656527854176E+021", $153.618 
10869,14/5/2025,"9,78677594341351E+021", $96.393 
10870,5/5/2025,"1,11219206553049E+021", $176.362 
10871,7/5/2025,"3,62254675757554E+021", $63.609 
10872,9/5/2025,"7,1681924925963E+021", $125.228 
10873,8/5/2025,"8,3273586799004E+021", $129.109 
10874,5/5/2025,"5,46834718949211E+021", $52.871 
10875,2/5/2025,"8,95675508460746E+021", $78.744 
10876,2/5/2025,"4,73909328947488E+021", $107.024 
10877,11/5/2025,"2,04783524945748E+021", $191.903 
10878,9/5/2025,"8,46915389675461E+021", $97.204 
10879,1/5/2025,"7,8634710348395E+021", $149.295 
10880,9/5/2025,"4,64913209162012E+021", $113.235 
10881,6/5/2025,"4,05868883433879E+021", $76.138 
10882,14/5/2025,"4,05868883433879E+021", $66.669 
10883,15/5/2025,"8,46684109979428E+021", $115.780 
10884,14/5/2025,"2,04783524945748E+021", $56.484 
10885,11/5/2025,"2,28113586439136E+021", $153.238 
10886,9/5/2025,"1,11219206553049E+021", $196.354 
10887,2/5/2025,"1,42446050864073E+021", $103.297 
10888,11/5/2025,"4,46215570185223E+021", $190.540 
10889,2/5/2025,"9,09001191008905E+021", $65.968 
10890,8/5/2025,"7,13851286856679E+021", $153.336 
10891,3/5/2025,"6,04958925033126E+021", $130.663 
10892,1/5/2025,"8,94438349184978E+021", $164.469 
10893,9/5/2025,"5,8462370211439E+021", $181.661 
10894,7/5/2025,"5,10397669051892E+021", $74.481 
10895,14/5/2025,"9,48578260837042E+021", $86.676 
10896,15/5/2025,"4,46215570185223E+021", $67.050 
10897,9/5/2025,"9,39121971652186E+021", $188.584 
10898,7/5/2025,"3,9670380782113E+021", $122.954 
10899,14/5/2025,"8,67136384736454E+021", $56.328 
10900,1/5/2025,"4,62510419930521E+021", $67.468 
10901,3/5/2025,"8,67274714699571E+021", $70.756 
10902,10/5/2025,"1,52939908547441E+021", $84.047 
10903,8/5/2025,"8,55289759062762E+021", $98.163 
10904,8/5/2025,"8,91381146507647E+021", $105.978 
10905,8/5/2025,"5,46569292271163E+021", $129.874 
10906,2/5/2025,"8,1490439253524E+021", $145.606 
10907,3/5/2025,"7,90070313867436E+021", $133.032 
10908,15/5/2025,"3,39232670779426E+021", $141.765 
10909,13/5/2025,"4,19887884827007E+021", $53.535 
10910,7/5/2025,"8,89915876292276E+021", $153.088 
10911,13/5/2025,"8,89915876292276E+021", $101.595 
10912,7/5/2025,"8,67274714699571E+021", $163.423 
10913,1/5/2025,"5,93018171525034E+021", $63.510 
10914,15/5/2025,"9,30191466363557E+021", $98.742 
10915,15/5/2025,"6,92735902304217E+021", $142.725 
10916,1/5/2025,"8,3273586799004E+021", $189.772 
10917,11/5/2025,"8,44567146779075E+021", $166.319 
10918,15/5/2025,"3,62254675757554E+021", $64.336 
10919,15/5/2025,"5,98656527854176E+021", $183.181 
10920,9/5/2025,"5,12065800039753E+021", $133.703 
10921,10/5/2025,"7,65725551610514E+021", $64.163 
10922,6/5/2025,"2,898753242884E+021", $171.653 
10923,13/5/2025,"4,60918647564968E+021", $68.313 
10924,14/5/2025,"4,20362316812111E+021", $180.281 
10925,11/5/2025,"3,35499146735024E+021", $193.028 
10926,8/5/2025,"3,74744067086467E+021", $113.174 
10927,3/5/2025,"7,1681924925963E+021", $68.259 
10928,14/5/2025,"4,20362316812111E+021", $159.841 
10929,9/5/2025,"2,548682223996E+021", $73.185 
10930,7/5/2025,"2,47671667352586E+021", $104.101 
10931,14/5/2025,"9,79876734921853E+021", $81.719 
10932,12/5/2025,"4,00664685839506E+021", $86.397 
10933,1/5/2025,"3,39232670779426E+021", $162.167 
10934,11/5/2025,"5,10397669051892E+021", $107.432 
10935,12/5/2025,"9,91870523434592E+021", $116.095 
10936,9/5/2025,"5,10397669051892E+021", $143.286 
10937,11/5/2025,"7,95340126895279E+021", $158.857 
10938,13/5/2025,"6,06251086472468E+021", $147.713 
10939,7/5/2025,"8,55573700996873E+021", $127.571 
10940,10/5/2025,"4,62510419930521E+021", $110.761 
10941,1/5/2025,"5,73854218385004E+021", $93.164 
10942,10/5/2025,"7,1681924925963E+021", $105.282 
10943,13/5/2025,"6,04958925033126E+021", $152.440 
10944,1/5/2025,"4,75697510121082E+021", $123.322 
10945,10/5/2025,"8,46684109979428E+021", $111.504 
10946,5/5/2025,"6,09749067914881E+021", $115.055 
10947,7/5/2025,"5,46834718949211E+021", $139.328 
10948,12/5/2025,"9,95986973119611E+021", $190.380 
10949,9/5/2025,"9,87305236360946E+021", $150.663 
10950,10/5/2025,"4,75697510121082E+021", $108.016 
10951,13/5/2025,"4,53257310584379E+021", $162.343 
10952,10/5/2025,"8,46684109979428E+021", $193.390 
10953,3/5/2025,"5,8462370211439E+021", $195.992 
10954,15/5/2025,"4,14122909976154E+021", $161.348 
10955,3/5/2025,"9,48578260837042E+021", $103.688 
10956,5/5/2025,"9,53147127486279E+021", $177.582 
10957,15/5/2025,"4,19887884827007E+021", $143.271 
10958,12/5/2025,"8,46684109979428E+021", $60.882 
10959,9/5/2025,"8,89915876292276E+021", $175.763 
10960,2/5/2025,"4,53257310584379E+021", $187.173 
10961,7/5/2025,"5,98656527854176E+021", $147.936 
10962,5/5/2025,"4,53257310584379E+021", $193.316 
10963,1/5/2025,"8,46684109979428E+021", $73.738 
10964,8/5/2025,"2,12987377940022E+021", $124.273 
10965,15/5/2025,"7,89968617385495E+021", $93.356 
10966,5/5/2025,"2,31440789738504E+021", $115.054 
10967,6/5/2025,"9,78677594341351E+021", $164.822 
10968,6/5/2025,"7,1524869512191E+021", $101.480 
10969,15/5/2025,"3,25384047075577E+021", $95.955 
10970,13/5/2025,"7,13851286856679E+021", $105.513 
10971,8/5/2025,"6,52231745947975E+021", $134.256 
10972,14/5/2025,"8,89915876292276E+021", $101.416 
10973,14/5/2025,"9,53147127486279E+021", $85.378 
10974,12/5/2025,"4,00664685839506E+021", $50.157 
10975,14/5/2025,"9,73651359332305E+021", $194.896 
10976,5/5/2025,"6,79301841411764E+021", $154.051 
10977,11/5/2025,"9,09001191008905E+021", $167.298 
10978,6/5/2025,"4,92178331003316E+021", $93.945 
10979,15/5/2025,"3,13959851849161E+021", $100.562 
10980,5/5/2025,"5,44431069907441E+021", $197.427 
10981,9/5/2025,"2,12987377940022E+021", $140.290 
10982,9/5/2025,"1,42446050864073E+021", $181.561 
10983,3/5/2025,"9,95986973119611E+021", $193.435 
10984,15/5/2025,"9,79876734921853E+021", $130.831 
10985,12/5/2025,"3,13959851849161E+021", $162.348 
10986,2/5/2025,"9,39121971652186E+021", $102.939 
10987,12/5/2025,"6,79301841411764E+021", $186.069 
10988,15/5/2025,"7,95340126895279E+021", $130.377 
10989,5/5/2025,"5,11730577361883E+021", $194.752 
10990,5/5/2025,"9,73651359332305E+021", $139.790 
10991,10/5/2025,"8,67136384736454E+021", $150.699 
10992,12/5/2025,"9,09001191008905E+021", $165.808 
10993,11/5/2025,"2,64547448782441E+021", $198.950 
10994,12/5/2025,"9,87305236360946E+021", $139.125 
10995,5/5/2025,"9,74892939824209E+021", $113.483 
10996,7/5/2025,"5,51302690312913E+021", $174.885 
10997,11/5/2025,"2,28113586439136E+021", $72.355 
10998,12/5/2025,"9,87305236360946E+021", $97.773 
10999,11/5/2025,"2,772929965369E+021", $84.916 
11000,3/5/2025,"6,75837616718414E+021", $82.443 
11001,11/5/2025,"4,27919731418025E+021", $77.230 
11002,10/5/2025,"5,11730577361883E+021", $66.578 
11003,8/5/2025,"2,56709908409072E+021", $153.332 
11004,9/5/2025,"9,0648213060558E+021", $163.076 
11005,12/5/2025,"4,56177967319269E+021", $134.813 
11006,1/5/2025,"6,75837616718414E+021", $123.992 
11007,5/5/2025,"5,78250195351374E+021", $77.695 
11008,7/5/2025,"4,14122909976154E+021", $167.938 
11009,7/5/2025,"7,8634710348395E+021", $57.674 
11010,7/5/2025,"2,00350930064609E+021", $181.655 
11011,8/5/2025,"8,94438349184978E+021", $59.533 
11012,14/5/2025,"8,2039935233945E+021", $176.879 
11013,3/5/2025,"4,75697510121082E+021", $118.698 
11014,6/5/2025,"7,99790797812624E+021", $161.491 
11015,10/5/2025,"4,02283293303175E+021", $159.259 
11016,10/5/2025,"5,12065800039753E+021", $137.337 
11017,14/5/2025,"6,09749067914881E+021", $154.392 
11018,11/5/2025,"3,25384047075577E+021", $124.251 
11019,4/5/2025,"4,92178331003316E+021", $179.009 
11020,6/5/2025,"3,35499146735024E+021", $174.151 
11021,9/5/2025,"3,9670380782113E+021", $68.014 
11022,12/5/2025,"4,92178331003316E+021", $58.096 
11023,1/5/2025,"9,64964149847833E+021", $89.675 
11024,7/5/2025,"7,34096053491111E+021", $156.189 
11025,12/5/2025,"4,27919731418025E+021", $175.887 
11026,15/5/2025,"4,20362316812111E+021", $103.657 
11027,11/5/2025,"1,6866887682855E+021", $58.083 
11028,6/5/2025,"5,12065800039753E+021", $171.917 
11029,7/5/2025,"4,60918647564968E+021", $174.182 
11030,1/5/2025,"8,95675508460746E+021", $194.201 
11031,2/5/2025,"3,9670380782113E+021", $127.364 
11032,8/5/2025,"2,39951206022593E+021", $68.398 
11033,2/5/2025,"5,97385558569753E+021", $136.605 
11034,12/5/2025,"6,87187763090734E+021", $177.103 
11035,4/5/2025,"2,28113586439136E+021", $180.450 
11036,7/5/2025,"8,1490439253524E+021", $90.897 
11037,8/5/2025,"4,53257310584379E+021", $81.055 
11038,2/5/2025,"1,1355322761208E+021", $131.404 
11039,15/5/2025,"2,39951206022593E+021", $51.893 
11040,8/5/2025,"2,00350930064609E+021", $171.275 
11041,10/5/2025,"6,92735902304217E+021", $160.806 
11042,10/5/2025,"2,12987377940022E+021", $168.372 
11043,5/5/2025,"3,9035750012258E+021", $164.966 
11044,15/5/2025,"5,8462370211439E+021", $110.252 
11045,8/5/2025,"7,99790797812624E+021", $189.904 
11046,4/5/2025,"4,00664685839506E+021", $67.336 
11047,7/5/2025,"8,7761182048573E+021", $183.736 
11048,3/5/2025,"6,75837616718414E+021", $78.211 
11049,11/5/2025,"3,15481775044559E+021", $198.043 
11050,10/5/2025,"4,20362316812111E+021", $67.286 
11051,2/5/2025,"7,8634710348395E+021", $157.439 
11052,5/5/2025,"7,1681924925963E+021", $145.395 
11053,12/5/2025,"9,64964149847833E+021", $163.047 
11054,13/5/2025,"1,59990622958479E+021", $137.029 
11055,11/5/2025,"9,78677594341351E+021", $85.299 
11056,7/5/2025,"5,51302690312913E+021", $71.831 
11057,12/5/2025,"3,9035750012258E+021", $196.645 
11058,13/5/2025,"7,89968617385495E+021", $140.137 
11059,14/5/2025,"8,44567146779075E+021", $163.385 
11060,14/5/2025,"4,27919731418025E+021", $112.200 
11061,14/5/2025,"3,15481775044559E+021", $68.958 
11062,6/5/2025,"4,05868883433879E+021", $101.870 
11063,4/5/2025,"3,9670380782113E+021", $84.744 
11064,10/5/2025,"2,04783524945748E+021", $138.036 
11065,5/5/2025,"9,87305236360946E+021", $74.662 
11066,14/5/2025,"5,46834718949211E+021", $156.813 
11067,7/5/2025,"9,09858637006107E+021", $133.515 
11068,11/5/2025,"3,54240447745631E+021", $153.500 
11069,8/5/2025,"5,8462370211439E+021", $57.062 
11070,7/5/2025,"3,15481775044559E+021", $111.819 
11071,6/5/2025,"8,30696309536018E+021", $176.989 
11072,9/5/2025,"6,09749067914881E+021", $86.408 
11073,7/5/2025,"4,64913209162012E+021", $81.736 
11074,9/5/2025,"1,52939908547441E+021", $148.702 
11075,12/5/2025,"7,99790797812624E+021", $165.825 
11076,3/5/2025,"4,20733994205377E+021", $164.912 
11077,1/5/2025,"3,25384047075577E+021", $109.935 
11078,6/5/2025,"2,64547448782441E+021", $159.195 
11079,1/5/2025,"1,52939908547441E+021", $135.354 
11080,6/5/2025,"7,95340126895279E+021", $98.529 
11081,14/5/2025,"2,64547448782441E+021", $87.692 
11082,6/5/2025,"3,74744067086467E+021", $166.509 
11083,9/5/2025,"3,15481775044559E+021", $167.613 
11084,11/5/2025,"2,33710026383137E+021", $127.176 
11085,12/5/2025,"2,56709908409072E+021", $147.013 
11086,5/5/2025,"3,26674755082139E+021", $127.196 
11087,1/5/2025,"7,95340126895279E+021", $95.562 
11088,4/5/2025,"9,39121971652186E+021", $184.615 
11089,3/5/2025,"6,87187763090734E+021", $151.350 
11090,11/5/2025,"7,8634710348395E+021", $154.688 
11091,6/5/2025,"9,74892939824209E+021", $197.991 
11092,14/5/2025,"4,19887884827007E+021", $126.384 
11093,9/5/2025,"7,90070313867436E+021", $60.074 
11094,14/5/2025,"1,52939908547441E+021", $73.934 
11095,11/5/2025,"3,54240447745631E+021", $138.775 
11096,12/5/2025,"4,64913209162012E+021", $165.232 
11097,10/5/2025,"2,39951206022593E+021", $150.257 
11098,6/5/2025,"4,91949585194861E+021", $163.659 
11099,11/5/2025,"9,0648213060558E+021", $157.268 
11100,12/5/2025,"7,13851286856679E+021", $75.039 
11101,9/5/2025,"4,46215570185223E+021", $157.765 
11102,11/5/2025,"4,91949585194861E+021", $177.538 
11103,8/5/2025,"9,48578260837042E+021", $166.035 
11104,9/5/2025,"4,98543497445762E+021", $146.680 
11105,9/5/2025,"9,53147127486279E+021", $172.094 
11106,4/5/2025,"7,90070313867436E+021", $96.704 
11107,5/5/2025,"8,89915876292276E+021", $195.673 
11108,6/5/2025,"8,1490439253524E+021", $193.067 
11109,15/5/2025,"9,79876734921853E+021", $73.050 
11110,13/5/2025,"9,39121971652186E+021", $76.650 
11111,8/5/2025,"7,1524869512191E+021", $108.380 
11112,15/5/2025,"7,46343383127005E+021", $114.368 
11113,13/5/2025,"7,1681924925963E+021", $112.525 
11114,9/5/2025,"2,00350930064609E+021", $99.124 
11115,8/5/2025,"3,15481775044559E+021", $106.736 
11116,4/5/2025,"3,26674755082139E+021", $75.980 
11117,11/5/2025,"8,46915389675461E+021", $134.246 
11118,7/5/2025,"4,62510419930521E+021", $77.239 
11119,5/5/2025,"8,1490439253524E+021", $75.647 
11120,9/5/2025,"7,89968617385495E+021", $107.021 
11121,12/5/2025,"7,95204013861592E+021", $150.424 
11122,1/5/2025,"8,57114113227022E+021", $115.597 
11123,12/5/2025,"2,31440789738504E+021", $125.779 
11124,3/5/2025,"1,6866887682855E+021", $121.754 
11125,1/5/2025,"3,9035750012258E+021", $84.353 
11126,5/5/2025,"7,46343383127005E+021", $59.387 
11127,2/5/2025,"9,30191466363557E+021", $111.311 
11128,3/5/2025,"4,98543497445762E+021", $89.266 
11129,7/5/2025,"7,38518376253228E+021", $74.953 
11130,8/5/2025,"1,11219206553049E+021", $154.892 
11131,6/5/2025,"1,6866887682855E+021", $122.080 
11132,4/5/2025,"2,69899930284363E+021", $140.033 
11133,4/5/2025,"3,56916718704462E+021", $194.916 
11134,8/5/2025,"5,98656527854176E+021", $140.153 
11135,15/5/2025,"8,67136384736454E+021", $78.760 
11136,5/5/2025,"8,44567146779075E+021", $168.283 
11137,11/5/2025,"8,67274714699571E+021", $123.120 
11138,1/5/2025,"1,42446050864073E+021", $111.194 
11139,13/5/2025,"9,79876734921853E+021", $103.433 
11140,2/5/2025,"9,53147127486279E+021", $143.945 
11141,7/5/2025,"8,40165596196131E+021", $86.919 
11142,1/5/2025,"7,34096053491111E+021", $106.277 
11143,6/5/2025,"9,87305236360946E+021", $61.121 
11144,8/5/2025,"3,13959851849161E+021", $95.219 
11145,5/5/2025,"9,73651359332305E+021", $163.256 
11146,8/5/2025,"7,38518376253228E+021", $107.055 
11147,11/5/2025,"5,73854218385004E+021", $80.078 
11148,2/5/2025,"6,04958925033126E+021", $103.416 
11149,1/5/2025,"8,55289759062762E+021", $163.860 
11150,7/5/2025,"6,06251086472468E+021", $130.291 
11151,6/5/2025,"4,53257310584379E+021", $165.307 
11152,15/5/2025,"7,89968617385495E+021", $65.044 
11153,6/5/2025,"2,772929965369E+021", $132.839 
11154,6/5/2025,"2,548682223996E+021", $111.097 
11155,5/5/2025,"2,548682223996E+021", $71.871 
11156,7/5/2025,"2,28113586439136E+021", $112.500 
11157,1/5/2025,"8,55289759062762E+021", $95.889 
11158,13/5/2025,"3,62254675757554E+021", $129.800 
11159,3/5/2025,"6,52231745947975E+021", $81.732 
11160,15/5/2025,"7,95204013861592E+021", $72.345 
11161,8/5/2025,"2,772929965369E+021", $191.078 
11162,12/5/2025,"1,42446050864073E+021", $156.836 
11163,9/5/2025,"5,46569292271163E+021", $138.676 
11164,7/5/2025,"6,04958925033126E+021", $122.542 
11165,1/5/2025,"4,19887884827007E+021", $113.426 
11166,14/5/2025,"6,06251086472468E+021", $70.236 
11167,7/5/2025,"8,7761182048573E+021", $71.119 
11168,15/5/2025,"8,44567146779075E+021", $185.991 
11169,8/5/2025,"5,97385558569753E+021", $94.091 
11170,2/5/2025,"1,1355322761208E+021", $75.747 
11171,2/5/2025,"9,30191466363557E+021", $61.391 
11172,9/5/2025,"3,13959851849161E+021", $68.045 
11173,14/5/2025,"8,55289759062762E+021", $133.933 
11174,6/5/2025,"6,52231745947975E+021", $176.122 
11175,4/5/2025,"2,47671667352586E+021", $89.815 
11176,6/5/2025,"8,40165596196131E+021", $144.544 
11177,13/5/2025,"2,33710026383137E+021", $178.575 
11178,12/5/2025,"5,51302690312913E+021", $53.402 
11179,9/5/2025,"8,95675508460746E+021", $185.889 
11180,8/5/2025,"8,94438349184978E+021", $138.404 
11181,5/5/2025,"2,33710026383137E+021", $89.963 
11182,11/5/2025,"5,44431069907441E+021", $170.848 
11183,3/5/2025,"2,898753242884E+021", $90.861 
11184,3/5/2025,"4,46215570185223E+021", $140.566 
11185,6/5/2025,"8,2039935233945E+021", $84.471 
11186,7/5/2025,"9,91870523434592E+021", $164.283 
11187,1/5/2025,"4,56177967319269E+021", $105.159 
11188,4/5/2025,"9,39121971652186E+021", $119.786 
11189,2/5/2025,"3,74744067086467E+021", $167.321 
11190,4/5/2025,"2,12987377940022E+021", $160.126 
11191,4/5/2025,"4,62510419930521E+021", $134.494 
11192,9/5/2025,"3,25384047075577E+021", $101.613 
11193,13/5/2025,"2,00350930064609E+021", $55.583 
11194,3/5/2025,"8,30696309536018E+021", $155.669 
11195,6/5/2025,"3,56916718704462E+021", $127.284 
11196,5/5/2025,"7,89968617385495E+021", $127.453 
11197,14/5/2025,"5,10397669051892E+021", $192.554 
11198,2/5/2025,"8,40165596196131E+021", $74.390 
11199,15/5/2025,"3,35499146735024E+021", $82.719 
11200,12/6/2025,"9,74892939824209E+021", $156.263 
11201,7/6/2025,"3,25384047075577E+021", $94.174 
11202,6/6/2025,"3,35499146735024E+021", $127.091 
11203,15/6/2025,"5,44431069907441E+021", $62.568 
11204,2/6/2025,"4,73858878975225E+021", $146.002 
11205,7/6/2025,"8,2039935233945E+021", $86.146 
11206,1/6/2025,"3,62254675757554E+021", $117.882 
11207,7/6/2025,"8,89915876292276E+021", $192.983 
11208,9/6/2025,"4,56177967319269E+021", $187.497 
11209,4/6/2025,"9,09858637006107E+021", $92.113 
11210,9/6/2025,"4,64913209162012E+021", $183.162 
11211,14/6/2025,"1,1355322761208E+021", $193.457 
11212,1/6/2025,"8,3273586799004E+021", $126.302 
11213,9/6/2025,"9,09001191008905E+021", $180.740 
11214,8/6/2025,"2,772929965369E+021", $121.596 
11215,4/6/2025,"7,65725551610514E+021", $90.074 
11216,6/6/2025,"8,46915389675461E+021", $162.073 
11217,9/6/2025,"4,20733994205377E+021", $158.037 
11218,8/6/2025,"8,95675508460746E+021", $166.728 
11219,7/6/2025,"1,6866887682855E+021", $144.334 
11220,2/6/2025,"2,548682223996E+021", $183.863 
11221,15/6/2025,"2,64547448782441E+021", $113.415 
11222,3/6/2025,"8,55289759062762E+021", $80.920 
11223,8/6/2025,"5,93018171525034E+021", $190.098 
11224,7/6/2025,"4,60918647564968E+021", $178.238 
11225,4/6/2025,"8,89915876292276E+021", $50.344 
11226,4/6/2025,"4,02283293303175E+021", $50.578 
11227,15/6/2025,"7,89968617385495E+021", $55.954 
11228,10/6/2025,"6,04958925033126E+021", $127.527 
11229,7/6/2025,"1,11219206553049E+021", $154.173 
11230,9/6/2025,"8,67274714699571E+021", $150.456 
11231,6/6/2025,"9,39121971652186E+021", $149.229 
11232,12/6/2025,"4,27919731418025E+021", $108.399 
11233,4/6/2025,"1,11219206553049E+021", $88.220 
11234,4/6/2025,"5,98656527854176E+021", $79.086 
11235,12/6/2025,"8,7761182048573E+021", $129.498 
11236,11/6/2025,"5,44431069907441E+021", $137.803 
11237,15/6/2025,"6,09749067914881E+021", $183.587 
11238,11/6/2025,"5,78250195351374E+021", $69.524 
11239,4/6/2025,"7,95204013861592E+021", $191.672 
11240,7/6/2025,"2,64547448782441E+021", $79.515 
11241,13/6/2025,"7,1681924925963E+021", $192.241 
11242,1/6/2025,"4,60918647564968E+021", $101.693 
11243,1/6/2025,"9,91870523434592E+021", $121.358 
11244,12/6/2025,"9,78677594341351E+021", $87.353 
11245,13/6/2025,"1,83162293609028E+021", $196.846 
11246,9/6/2025,"6,87187763090734E+021", $104.816 
11247,4/6/2025,"1,52939908547441E+021", $53.824 
11248,9/6/2025,"5,44431069907441E+021", $85.018 
11249,6/6/2025,"5,73854218385004E+021", $74.904 
11250,1/6/2025,"1,42446050864073E+021", $106.080 
11251,12/6/2025,"9,91870523434592E+021", $74.598 
11252,13/6/2025,"4,75697510121082E+021", $158.524 
11253,4/6/2025,"6,75837616718414E+021", $114.352 
11254,2/6/2025,"6,79301841411764E+021", $129.647 
11255,14/6/2025,"9,74892939824209E+021", $139.526 
11256,9/6/2025,"1,59990622958479E+021", $90.657 
11257,5/6/2025,"5,8462370211439E+021", $170.374 
11258,5/6/2025,"3,26674755082139E+021", $192.136 
11259,14/6/2025,"5,12065800039753E+021", $59.110 
11260,8/6/2025,"7,34096053491111E+021", $191.493 
11261,15/6/2025,"6,79301841411764E+021", $67.704 
11262,15/6/2025,"9,79876734921853E+021", $167.910 
11263,12/6/2025,"7,46343383127005E+021", $176.732 
11264,8/6/2025,"6,87187763090734E+021", $184.196 
11265,15/6/2025,"8,1490439253524E+021", $116.744 
11266,10/6/2025,"2,548682223996E+021", $72.515 
11267,8/6/2025,"5,93018171525034E+021", $113.881 
11268,2/6/2025,"9,79876734921853E+021", $147.491 
11269,3/6/2025,"4,20733994205377E+021", $174.758 
11270,13/6/2025,"2,47671667352586E+021", $160.646 
11271,8/6/2025,"2,772929965369E+021", $107.877 
11272,4/6/2025,"3,13959851849161E+021", $156.420 
11273,1/6/2025,"2,33710026383137E+021", $131.193 
11274,10/6/2025,"4,19887884827007E+021", $131.339 
11275,6/6/2025,"2,12987377940022E+021", $188.762 
11276,4/6/2025,"8,46684109979428E+021", $147.420 
11277,13/6/2025,"4,53257310584379E+021", $71.437 
11278,3/6/2025,"8,95675508460746E+021", $156.860 
11279,3/6/2025,"5,46569292271163E+021", $180.550 
11280,9/6/2025,"7,95340126895279E+021", $111.472 
11281,12/6/2025,"8,7761182048573E+021", $130.693 
11282,3/6/2025,"3,9670380782113E+021", $148.254 
11283,4/6/2025,"7,1524869512191E+021", $188.613 
11284,4/6/2025,"4,46215570185223E+021", $189.804 
11285,5/6/2025,"8,95675508460746E+021", $178.252 
11286,14/6/2025,"8,55573700996873E+021", $137.547 
11287,10/6/2025,"2,04783524945748E+021", $198.332 
11288,2/6/2025,"8,7761182048573E+021", $79.726 
11289,12/6/2025,"4,73858878975225E+021", $182.274 
11290,3/6/2025,"4,05868883433879E+021", $108.740 
11291,2/6/2025,"9,74892939824209E+021", $166.628 
11292,7/6/2025,"4,64913209162012E+021", $123.650 
11293,11/6/2025,"5,78250195351374E+021", $160.898 
11294,7/6/2025,"9,74892939824209E+021", $148.210 
11295,12/6/2025,"4,46215570185223E+021", $160.166 
11296,5/6/2025,"3,35499146735024E+021", $88.806 
11297,13/6/2025,"2,12987377940022E+021", $96.786 
11298,2/6/2025,"6,06251086472468E+021", $130.451 
11299,7/6/2025,"9,73651359332305E+021", $171.818 
11300,12/6/2025,"9,87305236360946E+021", $184.546 
11301,13/6/2025,"1,42446050864073E+021", $147.171 
11302,1/6/2025,"9,09858637006107E+021", $153.248 
11303,13/6/2025,"3,62254675757554E+021", $67.971 
11304,7/6/2025,"4,27919731418025E+021", $120.916 
11305,12/6/2025,"6,04958925033126E+021", $117.951 
11306,9/6/2025,"9,91870523434592E+021", $60.746 
11307,2/6/2025,"3,39232670779426E+021", $155.620 
11308,5/6/2025,"7,65725551610514E+021", $60.473 
11309,8/6/2025,"9,78677594341351E+021", $197.318 
11310,10/6/2025,"6,92735902304217E+021", $69.221 
11311,15/6/2025,"3,39232670779426E+021", $177.534 
11312,6/6/2025,"5,46569292271163E+021", $95.410 
11313,3/6/2025,"8,67136384736454E+021", $153.376 
11314,8/6/2025,"4,73909328947488E+021", $141.179 
11315,13/6/2025,"7,8634710348395E+021", $67.844 
11316,2/6/2025,"4,98543497445762E+021", $173.918 
11317,3/6/2025,"9,48578260837042E+021", $56.583 
11318,13/6/2025,"2,28113586439136E+021", $143.322 
11319,5/6/2025,"8,3273586799004E+021", $129.645 
11320,4/6/2025,"3,74744067086467E+021", $122.858 
11321,6/6/2025,"7,1681924925963E+021", $109.255 
11322,14/6/2025,"5,10397669051892E+021", $168.136 
11323,8/6/2025,"5,97385558569753E+021", $103.041 
11324,3/6/2025,"9,73651359332305E+021", $114.558 
11325,4/6/2025,"7,89968617385495E+021", $146.415 
11326,11/6/2025,"5,12065800039753E+021", $53.845 
11327,7/6/2025,"3,35499146735024E+021", $162.875 
11328,13/6/2025,"9,74892939824209E+021", $98.105 
11329,1/6/2025,"3,39232670779426E+021", $151.503 
11330,2/6/2025,"8,94438349184978E+021", $51.389 
11331,3/6/2025,"2,31440789738504E+021", $90.042 
11332,7/6/2025,"2,64547448782441E+021", $60.696 
11333,9/6/2025,"9,78677594341351E+021", $75.406 
11334,12/6/2025,"9,64964149847833E+021", $140.096 
11335,7/6/2025,"2,898753242884E+021", $153.459 
11336,3/6/2025,"5,8462370211439E+021", $131.497 
11337,11/6/2025,"9,09858637006107E+021", $189.690 
11338,11/6/2025,"4,98543497445762E+021", $64.813 
11339,4/6/2025,"2,548682223996E+021", $136.947 
11340,3/6/2025,"8,89915876292276E+021", $149.217 
11341,8/6/2025,"2,47671667352586E+021", $90.302 
11342,2/6/2025,"9,30191466363557E+021", $158.631 
11343,12/6/2025,"4,60918647564968E+021", $172.408 
11344,11/6/2025,"4,53257310584379E+021", $198.967 
11345,4/6/2025,"1,83162293609028E+021", $188.089 
11346,2/6/2025,"7,38518376253228E+021", $164.024 
11347,4/6/2025,"3,74744067086467E+021", $177.977 
11348,13/6/2025,"6,06251086472468E+021", $182.966 
11349,5/6/2025,"8,44567146779075E+021", $188.535 
11350,7/6/2025,"5,97385558569753E+021", $89.776 
11351,15/6/2025,"6,92735902304217E+021", $92.078 
11352,4/6/2025,"6,92735902304217E+021", $93.138 
11353,5/6/2025,"8,46915389675461E+021", $100.734 
11354,2/6/2025,"3,15481775044559E+021", $159.270 
11355,11/6/2025,"9,09001191008905E+021", $146.761 
11356,13/6/2025,"7,8634710348395E+021", $95.309 
11357,7/6/2025,"2,69899930284363E+021", $66.955 
11358,5/6/2025,"4,20362316812111E+021", $51.544 
11359,9/6/2025,"2,39951206022593E+021", $199.340 
11360,4/6/2025,"6,79301841411764E+021", $55.460 
11361,9/6/2025,"2,04783524945748E+021", $188.413 
11362,4/6/2025,"7,90070313867436E+021", $197.770 
11363,10/6/2025,"7,95204013861592E+021", $89.225 
11364,6/6/2025,"7,8634710348395E+021", $65.326 
11365,4/6/2025,"9,64964149847833E+021", $125.504 
11366,10/6/2025,"4,02283293303175E+021", $167.476 
11367,7/6/2025,"2,12987377940022E+021", $67.237 
11368,3/6/2025,"4,98543497445762E+021", $89.301 
11369,13/6/2025,"4,73909328947488E+021", $177.236 
11370,10/6/2025,"4,27919731418025E+021", $140.453 
11371,12/6/2025,"8,55289759062762E+021", $180.296 
11372,3/6/2025,"6,04958925033126E+021", $99.867 
11373,8/6/2025,"7,95340126895279E+021", $95.781 
11374,3/6/2025,"4,19887884827007E+021", $62.275 
11375,11/6/2025,"6,75837616718414E+021", $88.767 
11376,9/6/2025,"2,39951206022593E+021", $89.732 
11377,2/6/2025,"7,46343383127005E+021", $173.563 
11378,13/6/2025,"5,98656527854176E+021", $125.543 
11379,9/6/2025,"1,42446050864073E+021", $141.012 
11380,14/6/2025,"4,73858878975225E+021", $60.519 
11381,13/6/2025,"6,87187763090734E+021", $78.755 
11382,8/6/2025,"4,20733994205377E+021", $141.375 
11383,2/6/2025,"9,53147127486279E+021", $74.285 
11384,14/6/2025,"7,13851286856679E+021", $181.319 
11385,7/6/2025,"8,44567146779075E+021", $68.122 
11386,13/6/2025,"9,39121971652186E+021", $109.352 
11387,15/6/2025,"4,91949585194861E+021", $50.261 
11388,13/6/2025,"2,56709908409072E+021", $147.077 
11389,6/6/2025,"3,9035750012258E+021", $178.926 
11390,5/6/2025,"5,98656527854176E+021", $67.191 
11391,1/6/2025,"2,00350930064609E+021", $113.143 
11392,5/6/2025,"5,73854218385004E+021", $157.215 
11393,7/6/2025,"7,89968617385495E+021", $192.437 
11394,6/6/2025,"3,35499146735024E+021", $106.805 
11395,11/6/2025,"8,46915389675461E+021", $140.186 
11396,14/6/2025,"7,95340126895279E+021", $61.507 
11397,9/6/2025,"8,44567146779075E+021", $139.504 
11398,7/6/2025,"9,91870523434592E+021", $162.334 
11399,13/6/2025,"4,92178331003316E+021", $187.102 
11400,11/6/2025,"8,46915389675461E+021", $96.692 
11401,11/6/2025,"6,06251086472468E+021", $162.564 
11402,10/6/2025,"5,46834718949211E+021", $95.739 
11403,8/6/2025,"8,55289759062762E+021", $135.172 
11404,15/6/2025,"3,39232670779426E+021", $113.154 
11405,1/6/2025,"4,14122909976154E+021", $151.706 
11406,4/6/2025,"4,20733994205377E+021", $162.305 
11407,10/6/2025,"4,73858878975225E+021", $156.744 
11408,8/6/2025,"7,90070313867436E+021", $95.943 
11409,3/6/2025,"8,46684109979428E+021", $63.701 
11410,8/6/2025,"6,79301841411764E+021", $63.985 
11411,5/6/2025,"6,52231745947975E+021", $58.744 
11412,3/6/2025,"5,10397669051892E+021", $149.162 
11413,13/6/2025,"1,6866887682855E+021", $169.201 
11414,10/6/2025,"9,87305236360946E+021", $179.001 
11415,14/6/2025,"8,1490439253524E+021", $83.359 
11416,12/6/2025,"2,69899930284363E+021", $87.316 
11417,9/6/2025,"5,51302690312913E+021", $167.227 
11418,6/6/2025,"3,54240447745631E+021", $172.497 
11419,10/6/2025,"9,48578260837042E+021", $88.556 
11420,1/6/2025,"7,99790797812624E+021", $169.385 
11421,1/6/2025,"4,64913209162012E+021", $89.974 
11422,2/6/2025,"9,0648213060558E+021", $125.282 
11423,12/6/2025,"8,91381146507647E+021", $190.377 
11424,3/6/2025,"1,6866887682855E+021", $144.819 
11425,10/6/2025,"3,9670380782113E+021", $74.878 
11426,13/6/2025,"5,46569292271163E+021", $98.612 
11427,8/6/2025,"5,93018171525034E+021", $189.415 
11428,6/6/2025,"3,54240447745631E+021", $100.242 
11429,1/6/2025,"4,62510419930521E+021", $192.934 
11430,8/6/2025,"1,11219206553049E+021", $176.018 
11431,5/6/2025,"3,13959851849161E+021", $148.450 
11432,7/6/2025,"6,92735902304217E+021", $129.214 
11433,4/6/2025,"8,40165596196131E+021", $135.499 
11434,15/6/2025,"7,38518376253228E+021", $52.344 
11435,9/6/2025,"6,09749067914881E+021", $60.842 
11436,7/6/2025,"7,89968617385495E+021", $124.384 
11437,11/6/2025,"2,69899930284363E+021", $60.812 
11438,15/6/2025,"7,95204013861592E+021", $103.360 
11439,6/6/2025,"3,25384047075577E+021", $69.781 
11440,13/6/2025,"7,65725551610514E+021", $62.473 
11441,14/6/2025,"4,14122909976154E+021", $127.442 
11442,15/6/2025,"3,13959851849161E+021", $187.823 
11443,1/6/2025,"4,91949585194861E+021", $128.031 
11444,10/6/2025,"6,09749067914881E+021", $87.954 
11445,7/6/2025,"4,75697510121082E+021", $52.171 
11446,8/6/2025,"7,99790797812624E+021", $171.697 
11447,13/6/2025,"5,93018171525034E+021", $95.934 
11448,5/6/2025,"8,67136384736454E+021", $171.379 
11449,1/6/2025,"2,28113586439136E+021", $115.268 
11450,13/6/2025,"8,2039935233945E+021", $194.459 
11451,4/6/2025,"9,0648213060558E+021", $138.212 
11452,9/6/2025,"2,548682223996E+021", $188.920 
11453,10/6/2025,"3,9035750012258E+021", $134.587 
11454,3/6/2025,"7,1681924925963E+021", $130.839 
11455,14/6/2025,"8,89915876292276E+021", $61.843 
11456,3/6/2025,"9,09001191008905E+021", $185.612 
11457,5/6/2025,"4,91949585194861E+021", $149.350 
11458,11/6/2025,"9,64964149847833E+021", $80.728 
11459,11/6/2025,"4,05868883433879E+021", $83.296 
11460,7/6/2025,"9,53147127486279E+021", $84.563 
11461,1/6/2025,"9,48578260837042E+021", $105.996 
11462,4/6/2025,"6,52231745947975E+021", $136.442 
11463,12/6/2025,"3,25384047075577E+021", $113.478 
11464,10/6/2025,"3,26674755082139E+021", $57.270 
11465,9/6/2025,"3,56916718704462E+021", $149.535 
11466,10/6/2025,"4,19887884827007E+021", $113.161 
11467,6/6/2025,"9,95986973119611E+021", $171.919 
11468,10/6/2025,"8,40165596196131E+021", $192.751 
11469,14/6/2025,"7,34096053491111E+021", $111.258 
11470,10/6/2025,"4,91949585194861E+021", $147.148 
11471,15/6/2025,"8,46684109979428E+021", $57.945 
11472,1/6/2025,"2,56709908409072E+021", $51.003 
11473,9/6/2025,"7,34096053491111E+021", $72.442 
11474,10/6/2025,"6,52231745947975E+021", $108.786 
11475,5/6/2025,"8,1490439253524E+021", $155.495 
11476,7/6/2025,"4,62510419930521E+021", $50.545 
11477,7/6/2025,"7,95340126895279E+021", $194.991 
11478,9/6/2025,"7,13851286856679E+021", $67.710 
11479,2/6/2025,"8,7761182048573E+021", $136.707 
11480,7/6/2025,"7,90070313867436E+021", $91.821 
11481,11/6/2025,"9,09001191008905E+021", $174.102 
11482,3/6/2025,"1,52939908547441E+021", $72.525 
11483,9/6/2025,"9,87305236360946E+021", $146.094 
11484,6/6/2025,"2,64547448782441E+021", $118.516 
11485,15/6/2025,"4,00664685839506E+021", $53.842 
11486,8/6/2025,"6,92735902304217E+021", $75.587 
11487,13/6/2025,"7,90070313867436E+021", $105.697 
11488,9/6/2025,"8,67274714699571E+021", $62.336 
11489,4/6/2025,"3,62254675757554E+021", $55.749 
11490,14/6/2025,"4,20733994205377E+021", $116.570 
11491,10/6/2025,"2,39951206022593E+021", $55.472 
11492,6/6/2025,"8,46684109979428E+021", $76.986 
11493,7/6/2025,"3,62254675757554E+021", $76.244 
11494,9/6/2025,"4,56177967319269E+021", $121.587 
11495,9/6/2025,"8,57114113227022E+021", $117.850 
11496,1/6/2025,"2,28113586439136E+021", $145.129 
11497,8/6/2025,"8,3273586799004E+021", $89.150 
11498,9/6/2025,"5,12065800039753E+021", $171.488 
11499,13/6/2025,"9,73651359332305E+021", $154.299 
11500,6/6/2025,"4,27919731418025E+021", $158.122 
11501,7/6/2025,"8,67274714699571E+021", $109.210 
11502,6/6/2025,"9,78677594341351E+021", $186.896 
11503,6/6/2025,"1,59990622958479E+021", $107.260 
11504,8/6/2025,"8,44567146779075E+021", $184.339 
11505,9/6/2025,"8,94438349184978E+021", $99.091 
11506,12/6/2025,"5,46569292271163E+021", $82.264 
11507,10/6/2025,"4,98543497445762E+021", $108.092 
11508,14/6/2025,"4,64913209162012E+021", $187.455 
11509,8/6/2025,"2,28113586439136E+021", $106.067 
11510,9/6/2025,"4,62510419930521E+021", $188.898 
11511,10/6/2025,"8,95675508460746E+021", $147.144 
11512,13/6/2025,"1,11219206553049E+021", $53.268 
11513,4/6/2025,"9,79876734921853E+021", $197.946 
11514,1/6/2025,"5,98656527854176E+021", $66.833 
11515,12/6/2025,"8,40165596196131E+021", $194.060 
11516,5/6/2025,"4,02283293303175E+021", $145.570 
11517,11/6/2025,"2,69899930284363E+021", $173.153 
11518,4/6/2025,"7,13851286856679E+021", $82.378 
11519,11/6/2025,"1,1355322761208E+021", $80.932 
11520,6/6/2025,"6,87187763090734E+021", $164.282 
11521,10/6/2025,"4,14122909976154E+021", $145.278 
11522,2/6/2025,"5,44431069907441E+021", $133.541 
11523,10/6/2025,"1,52939908547441E+021", $76.267 
11524,11/6/2025,"5,12065800039753E+021", $74.201 
11525,12/6/2025,"6,06251086472468E+021", $156.518 
11526,5/6/2025,"7,65725551610514E+021", $170.668 
11527,5/6/2025,"8,55573700996873E+021", $145.658 
11528,11/6/2025,"7,1681924925963E+021", $181.652 
11529,11/6/2025,"7,46343383127005E+021", $50.855 
11530,2/6/2025,"8,55289759062762E+021", $97.795 
11531,3/6/2025,"4,53257310584379E+021", $89.812 
11532,1/6/2025,"2,04783524945748E+021", $143.060 
11533,7/6/2025,"1,11219206553049E+021", $150.876 
11534,13/6/2025,"3,15481775044559E+021", $125.683 
11535,6/6/2025,"2,898753242884E+021", $53.593 
11536,10/6/2025,"9,30191466363557E+021", $176.183 
11537,10/6/2025,"7,99790797812624E+021", $129.824 
11538,3/6/2025,"3,9670380782113E+021", $132.481 
11539,12/6/2025,"5,11730577361883E+021", $132.121 
11540,11/6/2025,"4,60918647564968E+021", $132.130 
11541,4/6/2025,"4,02283293303175E+021", $168.335 
11542,10/6/2025,"5,10397669051892E+021", $84.084 
11543,9/6/2025,"7,1681924925963E+021", $171.687 
11544,6/6/2025,"4,14122909976154E+021", $75.216 
11545,15/6/2025,"5,97385558569753E+021", $60.525 
11546,12/6/2025,"7,34096053491111E+021", $82.076 
11547,11/6/2025,"9,53147127486279E+021", $112.816 
11548,4/6/2025,"8,67274714699571E+021", $68.051 
11549,13/6/2025,"8,55289759062762E+021", $67.787 
11550,2/6/2025,"1,52939908547441E+021", $119.079 
11551,6/6/2025,"8,46915389675461E+021", $88.096 
11552,13/6/2025,"4,14122909976154E+021", $146.781 
11553,3/6/2025,"4,64913209162012E+021", $163.219 
11554,13/6/2025,"8,67136384736454E+021", $63.982 
11555,9/6/2025,"4,02283293303175E+021", $167.217 
11556,14/6/2025,"2,772929965369E+021", $144.019 
11557,13/6/2025,"5,51302690312913E+021", $151.044 
11558,4/6/2025,"7,34096053491111E+021", $117.091 
11559,2/6/2025,"2,04783524945748E+021", $188.071 
11560,2/6/2025,"8,30696309536018E+021", $65.021 
11561,12/6/2025,"5,8462370211439E+021", $121.085 
11562,2/6/2025,"4,53257310584379E+021", $163.619 
11563,11/6/2025,"3,56916718704462E+021", $127.646 
11564,1/6/2025,"5,97385558569753E+021", $157.883 
11565,7/6/2025,"7,95340126895279E+021", $161.653 
11566,2/6/2025,"8,89915876292276E+021", $142.206 
11567,14/6/2025,"2,31440789738504E+021", $120.348 
11568,13/6/2025,"8,67136384736454E+021", $195.578 
11569,3/6/2025,"5,46834718949211E+021", $125.306 
11570,2/6/2025,"9,95986973119611E+021", $175.303 
11571,5/6/2025,"6,04958925033126E+021", $115.197 
11572,5/6/2025,"8,55573700996873E+021", $143.712 
11573,8/6/2025,"4,27919731418025E+021", $199.013 
11574,14/6/2025,"4,19887884827007E+021", $138.528 
11575,6/6/2025,"4,20362316812111E+021", $146.812 
11576,15/6/2025,"9,39121971652186E+021", $141.245 
11577,14/6/2025,"2,548682223996E+021", $69.372 
11578,2/6/2025,"4,75697510121082E+021", $136.124 
11579,8/6/2025,"2,33710026383137E+021", $196.848 
11580,3/6/2025,"3,54240447745631E+021", $104.043 
11581,4/6/2025,"7,13851286856679E+021", $52.642 
11582,11/6/2025,"5,51302690312913E+021", $77.320 
11583,7/6/2025,"7,65725551610514E+021", $78.854 
11584,6/6/2025,"4,75697510121082E+021", $137.552 
11585,3/6/2025,"3,26674755082139E+021", $126.612 
11586,8/6/2025,"4,98543497445762E+021", $116.693 
11587,10/6/2025,"3,62254675757554E+021", $153.045 
11588,7/6/2025,"8,30696309536018E+021", $119.624 
11589,12/6/2025,"2,31440789738504E+021", $63.068 
11590,13/6/2025,"4,00664685839506E+021", $179.717 
11591,7/6/2025,"9,30191466363557E+021", $57.070 
11592,1/6/2025,"4,46215570185223E+021", $55.540 
11593,5/6/2025,"2,28113586439136E+021", $59.596 
11594,12/6/2025,"8,95675508460746E+021", $177.214 
11595,4/6/2025,"9,79876734921853E+021", $145.025 
11596,5/6/2025,"8,7761182048573E+021", $90.481 
11597,10/6/2025,"4,56177967319269E+021", $82.992 
11598,8/6/2025,"7,1524869512191E+021", $121.011 
11599,9/6/2025,"4,00664685839506E+021", $127.458 
11600,14/6/2025,"4,73909328947488E+021", $131.925 
11601,8/6/2025,"7,38518376253228E+021", $152.839 
11602,5/6/2025,"8,57114113227022E+021", $134.096 
11603,13/6/2025,"8,2039935233945E+021", $64.979 
11604,3/6/2025,"5,73854218385004E+021", $150.992 
11605,5/6/2025,"4,56177967319269E+021", $58.050 
11606,15/6/2025,"5,44431069907441E+021", $59.340 
11607,11/6/2025,"4,20362316812111E+021", $132.485 
11608,1/6/2025,"4,92178331003316E+021", $184.055 
11609,1/6/2025,"6,87187763090734E+021", $121.216 
11610,10/6/2025,"4,73909328947488E+021", $190.189 
11611,10/6/2025,"3,39232670779426E+021", $140.212 
11612,2/6/2025,"1,59990622958479E+021", $133.941 
11613,1/6/2025,"9,30191466363557E+021", $62.484 
11614,5/6/2025,"6,06251086472468E+021", $64.534 
11615,4/6/2025,"3,9035750012258E+021", $86.475 
11616,13/6/2025,"3,9035750012258E+021", $118.800 
11617,1/6/2025,"7,95204013861592E+021", $110.662 
11618,2/6/2025,"4,62510419930521E+021", $117.220 
11619,8/6/2025,"2,33710026383137E+021", $80.606 
11620,4/6/2025,"8,57114113227022E+021", $154.654 
11621,1/6/2025,"5,46834718949211E+021", $173.913 
11622,4/6/2025,"5,10397669051892E+021", $193.419 
11623,3/6/2025,"3,15481775044559E+021", $70.679 
11624,4/6/2025,"2,47671667352586E+021", $97.085 
11625,10/6/2025,"2,898753242884E+021", $130.922 
11626,12/6/2025,"4,62510419930521E+021", $136.581 
11627,9/6/2025,"9,73651359332305E+021", $90.171 
11628,1/6/2025,"7,13851286856679E+021", $101.060 
11629,3/6/2025,"7,1524869512191E+021", $76.590 
11630,8/6/2025,"1,1355322761208E+021", $142.588 
11631,13/6/2025,"6,52231745947975E+021", $157.576 
11632,10/6/2025,"2,00350930064609E+021", $63.747 
11633,3/6/2025,"2,00350930064609E+021", $184.065 
11634,4/6/2025,"8,30696309536018E+021", $188.079 
11635,7/6/2025,"9,91870523434592E+021", $114.114 
11636,8/6/2025,"4,75697510121082E+021", $191.364 
11637,2/6/2025,"5,8462370211439E+021", $59.083 
11638,11/6/2025,"4,56177967319269E+021", $52.169 
11639,7/6/2025,"2,04783524945748E+021", $182.085 
11640,9/6/2025,"2,56709908409072E+021", $136.492 
11641,5/6/2025,"4,73858878975225E+021", $194.399 
11642,14/6/2025,"8,3273586799004E+021", $103.683 
11643,12/6/2025,"9,73651359332305E+021", $82.520 
11644,12/6/2025,"4,05868883433879E+021", $150.473 
11645,12/6/2025,"9,87305236360946E+021", $185.550 
11646,9/6/2025,"5,10397669051892E+021", $74.267 
11647,5/6/2025,"2,33710026383137E+021", $93.633 
11648,1/6/2025,"2,33710026383137E+021", $77.830 
11649,8/6/2025,"9,78677594341351E+021", $88.116 
11650,2/6/2025,"5,73854218385004E+021", $51.627 
11651,7/6/2025,"8,57114113227022E+021", $133.035 
11652,15/6/2025,"8,67274714699571E+021", $90.491 
11653,1/6/2025,"1,6866887682855E+021", $181.022 
11654,2/6/2025,"1,59990622958479E+021", $75.658 
11655,6/6/2025,"6,09749067914881E+021", $50.336 
11656,3/6/2025,"9,95986973119611E+021", $167.323 
11657,7/6/2025,"9,39121971652186E+021", $71.537 
11658,5/6/2025,"1,83162293609028E+021", $147.392 
11659,1/6/2025,"8,30696309536018E+021", $163.653 
11660,3/6/2025,"4,46215570185223E+021", $187.706 
11661,9/6/2025,"8,3273586799004E+021", $157.011 
11662,8/6/2025,"2,64547448782441E+021", $143.936 
11663,15/6/2025,"8,67136384736454E+021", $163.915 
11664,12/6/2025,"5,11730577361883E+021", $68.011 
11665,11/6/2025,"8,55573700996873E+021", $179.789 
11666,12/6/2025,"4,20362316812111E+021", $62.611 
11667,15/6/2025,"3,35499146735024E+021", $179.021 
11668,6/6/2025,"8,94438349184978E+021", $67.162 
11669,6/6/2025,"7,46343383127005E+021", $192.818 
11670,10/6/2025,"7,46343383127005E+021", $140.648 
11671,1/6/2025,"3,15481775044559E+021", $63.475 
11672,12/6/2025,"2,69899930284363E+021", $169.126 
11673,14/6/2025,"4,00664685839506E+021", $121.723 
11674,10/6/2025,"3,56916718704462E+021", $91.892 
11675,14/6/2025,"2,56709908409072E+021", $194.713 
11676,11/6/2025,"3,56916718704462E+021", $125.271 
11677,10/6/2025,"6,75837616718414E+021", $171.036 
11678,14/6/2025,"8,30696309536018E+021", $65.597 
11679,7/6/2025,"2,12987377940022E+021", $118.111 
11680,13/6/2025,"5,78250195351374E+021", $104.759 
11681,1/6/2025,"9,0648213060558E+021", $189.824 
11682,12/6/2025,"9,53147127486279E+021", $85.557 
11683,3/6/2025,"8,57114113227022E+021", $108.797 
11684,2/6/2025,"5,46834718949211E+021", $182.374 
11685,12/6/2025,"5,98656527854176E+021", $51.993 
11686,8/6/2025,"3,9670380782113E+021", $106.073 
11687,6/6/2025,"2,898753242884E+021", $194.032 
11688,10/6/2025,"7,38518376253228E+021", $181.994 
11689,7/6/2025,"8,1490439253524E+021", $175.638 
11690,7/6/2025,"8,46684109979428E+021", $190.959 
11691,10/6/2025,"9,48578260837042E+021", $195.563 
11692,15/6/2025,"8,91381146507647E+021", $176.360 
11693,3/6/2025,"8,40165596196131E+021", $177.823 
11694,7/6/2025,"1,83162293609028E+021", $172.998 
11695,10/6/2025,"9,95986973119611E+021", $98.600 
11696,13/6/2025,"2,772929965369E+021", $193.411 
11697,10/6/2025,"9,39121971652186E+021", $198.552 
11698,6/6/2025,"8,91381146507647E+021", $161.845 
11699,1/6/2025,"6,75837616718414E+021", $130.803 
11700,1/6/2025,"6,04958925033126E+021", $151.240 
11701,2/6/2025,"4,05868883433879E+021", $194.227 
11702,1/6/2025,"3,9035750012258E+021", $189.323 
11703,8/6/2025,"9,53147127486279E+021", $91.958 
11704,1/6/2025,"3,74744067086467E+021", $84.014 
11705,5/6/2025,"6,52231745947975E+021", $52.244 
11706,15/6/2025,"3,56916718704462E+021", $168.569 
11707,3/6/2025,"4,92178331003316E+021", $65.248 
11708,10/6/2025,"7,1524869512191E+021", $128.716 
11709,2/6/2025,"8,94438349184978E+021", $128.323 
11710,3/6/2025,"4,91949585194861E+021", $68.595 
11711,11/6/2025,"3,13959851849161E+021", $99.300 
11712,7/6/2025,"9,0648213060558E+021", $72.796 
11713,7/6/2025,"2,56709908409072E+021", $65.012 
11714,10/6/2025,"2,00350930064609E+021", $72.242 
11715,6/6/2025,"9,87305236360946E+021", $175.749 
11716,1/6/2025,"8,1490439253524E+021", $140.630 
11717,15/6/2025,"2,00350930064609E+021", $183.805 
11718,4/6/2025,"2,12987377940022E+021", $130.352 
11719,3/6/2025,"2,47671667352586E+021", $114.839 
11720,5/6/2025,"6,09749067914881E+021", $120.779 
11721,5/6/2025,"4,00664685839506E+021", $190.309 
11722,11/6/2025,"4,46215570185223E+021", $190.889 
11723,11/6/2025,"5,46834718949211E+021", $190.251 
11724,12/6/2025,"1,59990622958479E+021", $72.643 
11725,6/6/2025,"9,48578260837042E+021", $64.940 
11726,4/6/2025,"5,93018171525034E+021", $102.364 
11727,4/6/2025,"5,97385558569753E+021", $146.991 
11728,7/6/2025,"3,54240447745631E+021", $156.656 
11729,14/6/2025,"5,51302690312913E+021", $70.480 
11730,3/6/2025,"7,99790797812624E+021", $69.992 
11731,2/6/2025,"9,64964149847833E+021", $131.642 
11732,6/6/2025,"5,78250195351374E+021", $192.277 
11733,14/6/2025,"9,09858637006107E+021", $135.905 
11734,2/6/2025,"5,78250195351374E+021", $162.827 
11735,12/6/2025,"9,09001191008905E+021", $193.877 
11736,3/6/2025,"3,26674755082139E+021", $185.856 
11737,13/6/2025,"2,772929965369E+021", $59.715 
11738,8/6/2025,"3,26674755082139E+021", $180.870 
11739,13/6/2025,"1,52939908547441E+021", $136.452 
11740,9/6/2025,"1,1355322761208E+021", $116.348 
11741,13/6/2025,"4,20362316812111E+021", $106.823 
11742,3/6/2025,"4,92178331003316E+021", $86.713 
11743,11/6/2025,"2,47671667352586E+021", $57.060 
11744,14/6/2025,"7,8634710348395E+021", $164.449 
11745,12/6/2025,"2,39951206022593E+021", $77.698 
11746,4/6/2025,"6,79301841411764E+021", $154.716 
11747,7/6/2025,"5,11730577361883E+021", $99.617 
11748,15/6/2025,"9,09858637006107E+021", $140.339 
11749,1/6/2025,"4,05868883433879E+021", $159.374 
11750,6/6/2025,"5,12065800039753E+021", $187.876 
11751,9/6/2025,"9,30191466363557E+021", $166.872 
11752,14/6/2025,"7,99790797812624E+021", $96.242 
11753,7/6/2025,"7,90070313867436E+021", $88.248 
11754,1/6/2025,"2,31440789738504E+021", $126.591 
11755,13/6/2025,"3,25384047075577E+021", $74.600 
11756,14/6/2025,"8,91381146507647E+021", $148.739 
11757,7/6/2025,"1,42446050864073E+021", $190.238 
11758,9/6/2025,"3,13959851849161E+021", $55.529 
11759,13/6/2025,"2,39951206022593E+021", $199.464 
11760,6/6/2025,"8,94438349184978E+021", $64.523 
11761,11/6/2025,"9,79876734921853E+021", $72.439 
11762,3/6/2025,"3,74744067086467E+021", $170.225 
11763,13/6/2025,"8,55573700996873E+021", $158.053 
11764,4/6/2025,"1,1355322761208E+021", $144.118 
11765,3/6/2025,"7,8634710348395E+021", $141.888 
11766,3/6/2025,"6,75837616718414E+021", $148.818 
11767,2/6/2025,"7,38518376253228E+021", $126.176 
11768,11/6/2025,"5,11730577361883E+021", $197.660 
11769,14/6/2025,"8,44567146779075E+021", $89.503 
11770,13/6/2025,"7,1524869512191E+021", $105.121 
11771,12/6/2025,"1,83162293609028E+021", $164.660 
11772,15/6/2025,"8,40165596196131E+021", $84.235 
11773,13/6/2025,"7,95204013861592E+021", $103.921 
11774,14/6/2025,"8,2039935233945E+021", $112.853 
11775,3/6/2025,"7,89968617385495E+021", $122.494 
11776,1/6/2025,"1,42446050864073E+021", $69.574 
11777,15/6/2025,"3,54240447745631E+021", $182.131 
11778,10/6/2025,"4,19887884827007E+021", $121.911 
11779,10/6/2025,"5,46569292271163E+021", $105.418 
11780,11/6/2025,"4,53257310584379E+021", $194.172 
11781,2/6/2025,"8,91381146507647E+021", $154.885 
11782,15/6/2025,"4,60918647564968E+021", $192.894 
11783,4/6/2025,"8,2039935233945E+021", $168.680 
11784,5/6/2025,"3,15481775044559E+021", $99.548 
11785,5/6/2025,"9,0648213060558E+021", $183.378 
11786,15/6/2025,"9,95986973119611E+021", $185.151 
11787,14/6/2025,"5,73854218385004E+021", $125.003 
11788,6/6/2025,"5,8462370211439E+021", $69.787 
11789,6/6/2025,"5,51302690312913E+021", $102.363 
11790,2/6/2025,"2,31440789738504E+021", $195.561 
11791,6/6/2025,"4,92178331003316E+021", $77.747 
11792,14/6/2025,"3,9670380782113E+021", $80.009 
11793,1/6/2025,"3,25384047075577E+021", $82.046 
11794,6/6/2025,"9,64964149847833E+021", $57.852 
11795,5/6/2025,"1,6866887682855E+021", $187.752 
11796,10/6/2025,"5,11730577361883E+021", $105.023 
11797,14/6/2025,"2,898753242884E+021", $195.037 
11798,1/6/2025,"4,73909328947488E+021", $184.340 
11799,9/6/2025,"3,74744067086467E+021", $92.364 
